Date,Open,High,Low,Close,Adj Close,Volume
21-Nov-24,203.09,203.13,195.75,198.23,198.23,"48,845,588"
20-Nov-24,202.98,203.13,199.45,202.88,202.88,"32,769,000"
19-Nov-24,199.33,205.3,198.78,204.61,204.61,"31,197,900"
18-Nov-24,204.15,204.67,200.95,201.7,201.7,"36,512,500"
15-Nov-24,206.76,207.34,199.61,202.61,202.61,"86,591,100"
14-Nov-24,214.16,215.9,210.88,211.48,211.48,"42,620,300"
13-Nov-24,209.4,215.09,209.14,214.1,214.1,"46,212,900"
12-Nov-24,208.37,209.54,206.01,208.91,208.91,"38,942,900"
11-Nov-24,208.5,209.65,205.59,206.84,206.84,"35,456,000"
08-Nov-24,209.72,209.96,207.44,208.18,208.18,"36,075,800"
07-Nov-24,207.44,212.25,207.19,210.05,210.05,"52,878,400"
06-Nov-24,200.01,207.55,199.14,207.09,207.09,"72,292,200"
05-Nov-24,196.04,199.82,195.99,199.5,199.5,"30,564,800"
04-Nov-24,196.45,197.33,194.31,195.78,195.78,"38,492,100"
01-Nov-24,199,200.5,197.02,197.93,197.93,"99,687,800"
31-Oct-24,190.51,190.6,185.23,186.4,186.4,"75,146,800"
30-Oct-24,194.7,195.61,192.42,192.73,192.73,"37,707,600"
29-Oct-24,188.58,191.46,187.82,190.83,190.83,"35,690,200"
28-Oct-24,189.57,190.21,188.21,188.39,188.39,"27,930,800"
25-Oct-24,187.85,190.45,187.53,187.83,187.83,"29,362,100"
24-Oct-24,185.25,187.11,183.86,186.38,186.38,"21,647,400"
23-Oct-24,188.85,189.16,183.69,184.71,184.71,"31,937,100"
22-Oct-24,188.35,191.52,186.98,189.7,189.7,"29,650,600"
21-Oct-24,188.05,189.46,186.4,189.07,189.07,"24,639,400"
18-Oct-24,187.15,190.74,186.28,188.99,188.99,"37,417,700"
17-Oct-24,188.22,188.94,186,187.53,187.53,"25,039,400"
16-Oct-24,187.05,187.78,185.61,186.89,186.89,"23,456,800"
15-Oct-24,187.63,188.41,184.58,187.69,187.69,"32,178,900"
14-Oct-24,189.78,189.83,187.36,187.54,187.54,"22,614,400"
11-Oct-24,186.63,189.93,186.3,188.82,188.82,"25,751,600"
10-Oct-24,187.13,188.13,185.83,186.65,186.65,"27,785,000"
09-Oct-24,182.82,185.85,182.05,185.17,185.17,"26,343,100"
08-Oct-24,181.92,183.09,180.92,182.72,182.72,"26,372,100"
07-Oct-24,182.95,183.6,180.25,180.8,180.8,"42,364,200"
04-Oct-24,185.75,187.6,183.6,186.51,186.51,"40,890,300"
03-Oct-24,183.05,183.44,180.88,181.96,181.96,"30,204,300"
02-Oct-24,184.44,186.6,184.04,184.76,184.76,"23,704,100"
01-Oct-24,184.9,186.19,183.45,185.13,185.13,"36,044,900"
30-Sep-24,187.14,188.49,184.65,186.33,186.33,"41,583,900"
27-Sep-24,190.68,190.9,187.34,187.97,187.97,"36,002,300"
26-Sep-24,194.31,194.53,189.54,191.16,191.16,"36,334,900"
25-Sep-24,193.75,193.95,192.16,192.53,192.53,"26,391,100"
24-Sep-24,194.27,195.37,190.13,193.96,193.96,"43,478,900"
23-Sep-24,191.64,194.45,190.57,193.88,193.88,"36,993,100"
20-Sep-24,190.23,191.84,187.41,191.6,191.6,"100,378,600"
19-Sep-24,190.04,190.99,188.47,189.87,189.87,"39,543,200"
18-Sep-24,186.45,188.8,185.06,186.43,186.43,"34,448,100"
17-Sep-24,186.85,189.45,186.14,186.88,186.88,"26,091,700"
16-Sep-24,185.29,185.81,183.36,184.89,184.89,"26,065,500"
13-Sep-24,187,188.5,185.91,186.49,186.49,"26,495,400"
12-Sep-24,184.8,187.41,183.54,187,187,"33,622,500"
11-Sep-24,180.1,184.99,175.73,184.52,184.52,"42,564,700"
10-Sep-24,177.49,180.5,176.79,179.55,179.55,"36,233,800"
09-Sep-24,174.53,175.85,173.51,175.4,175.4,"29,037,400"
06-Sep-24,177.24,178.38,171.16,171.39,171.39,"41,466,500"
05-Sep-24,175,179.88,175,177.89,177.89,"40,170,500"
04-Sep-24,174.48,175.98,172.54,173.33,173.33,"30,309,200"
03-Sep-24,177.55,178.26,175.26,176.25,176.25,"37,817,500"
30-Aug-24,172.78,178.9,172.6,178.5,178.5,"43,429,400"
29-Aug-24,173.22,174.29,170.81,172.12,172.12,"26,407,800"
28-Aug-24,173.69,173.69,168.92,170.8,170.8,"29,045,000"
27-Aug-24,174.15,174.89,172.25,173.12,173.12,"29,842,000"
26-Aug-24,176.7,177.47,174.3,175.5,175.5,"22,366,200"
23-Aug-24,177.34,178.97,175.24,177.04,177.04,"29,150,100"
22-Aug-24,181.38,181.47,175.68,176.13,176.13,"32,047,500"
21-Aug-24,179.92,182.39,178.89,180.11,180.11,"35,599,100"
20-Aug-24,177.92,179.01,177.43,178.88,178.88,"26,255,200"
19-Aug-24,177.64,178.3,176.16,178.22,178.22,"31,129,800"
16-Aug-24,177.04,178.34,176.26,177.06,177.06,"31,489,200"
15-Aug-24,174.86,177.91,173.99,177.59,177.59,"51,698,500"
14-Aug-24,172.11,172.28,168.86,170.1,170.1,"28,843,800"
13-Aug-24,167.81,171.04,167.1,170.23,170.23,"39,237,900"
12-Aug-24,168.14,168.55,166.11,166.8,166.8,"30,072,800"
09-Aug-24,166.4,168.55,165.85,166.94,166.94,"36,401,000"
08-Aug-24,165.17,166.69,162.55,165.8,165.8,"44,616,200"
07-Aug-24,166.55,167.58,161.43,162.77,162.77,"48,408,200"
06-Aug-24,161.71,165.08,158.54,161.93,161.93,"59,950,800"
05-Aug-24,154.21,162.96,151.61,161.02,161.02,"83,149,400"
02-Aug-24,166.75,168.77,160.55,167.9,167.9,"141,448,400"
01-Aug-24,189.29,190.6,181.87,184.07,184.07,"70,435,600"
31-Jul-24,185.05,187.94,184.46,186.98,186.98,"41,667,300"
30-Jul-24,184.72,185.86,179.38,181.71,181.71,"39,508,600"
29-Jul-24,183.84,184.75,182.38,183.2,183.2,"33,270,100"
26-Jul-24,180.39,183.19,180.24,182.5,182.5,"29,506,000"
25-Jul-24,182.91,183.9,176.8,179.85,179.85,"44,464,200"
24-Jul-24,183.2,185.45,180.41,180.83,180.83,"41,532,400"
23-Jul-24,184.1,189.39,183.56,186.41,186.41,"47,537,700"
22-Jul-24,185,185.06,182.48,182.55,182.55,"39,931,900"
19-Jul-24,181.14,184.93,180.11,183.13,183.13,"43,081,800"
18-Jul-24,189.59,189.68,181.45,183.75,183.75,"51,043,600"
17-Jul-24,191.35,191.58,185.99,187.93,187.93,"48,076,100"
16-Jul-24,195.59,196.62,192.24,193.02,193.02,"33,994,700"
15-Jul-24,194.56,196.19,190.83,192.72,192.72,"40,683,200"
12-Jul-24,194.8,196.47,193.83,194.49,194.49,"30,598,500"
11-Jul-24,200.09,200.27,192.86,195.05,195.05,"44,565,000"
10-Jul-24,200,200.11,197.69,199.79,199.79,"32,883,800"
09-Jul-24,199.4,200.57,199.05,199.34,199.34,"32,700,100"
08-Jul-24,200.04,201.2,197.96,199.29,199.29,"34,767,300"
05-Jul-24,198.65,200.55,198.17,200,200,"39,858,900"
03-Jul-24,199.94,200.03,196.76,197.59,197.59,"31,597,900"
02-Jul-24,197.28,200.43,195.93,200,200,"45,600,000"
01-Jul-24,193.49,198.3,192.82,197.2,197.2,"41,192,000"
28-Jun-24,197.73,198.85,192.5,193.25,193.25,"76,930,200"
27-Jun-24,195.01,199.84,194.2,197.85,197.85,"74,397,500"
26-Jun-24,186.92,194.8,186.26,193.61,193.61,"65,103,900"
25-Jun-24,186.81,188.84,185.42,186.34,186.34,"45,898,500"
24-Jun-24,189.33,191,185.33,185.57,185.57,"50,610,400"
21-Jun-24,187.8,189.28,185.86,189.08,189.08,"72,931,800"
20-Jun-24,182.91,186.51,182.72,186.1,186.1,"44,726,800"
18-Jun-24,183.74,184.29,181.43,182.81,182.81,"36,659,200"
17-Jun-24,182.52,185,181.22,184.06,184.06,"35,601,900"
14-Jun-24,183.08,183.72,182.23,183.66,183.66,"25,456,400"
13-Jun-24,186.09,187.67,182.67,183.83,183.83,"39,721,500"
12-Jun-24,188.02,188.35,185.43,186.89,186.89,"33,984,200"
11-Jun-24,187.06,187.77,184.54,187.23,187.23,"27,265,100"
10-Jun-24,184.07,187.23,183.79,187.06,187.06,"34,494,500"
07-Jun-24,184.9,186.29,183.36,184.3,184.3,"28,021,500"
06-Jun-24,181.75,185,181.49,185,185,"31,371,200"
05-Jun-24,180.1,181.5,178.75,181.28,181.28,"32,116,400"
04-Jun-24,177.64,179.82,176.44,179.34,179.34,"27,198,400"
03-Jun-24,177.7,178.7,175.92,178.34,178.34,"30,786,600"
31-May-24,178.3,179.21,173.87,176.44,176.44,"58,903,900"
30-May-24,181.31,181.34,178.36,179.32,179.32,"29,249,200"
29-May-24,181.7,184.08,181.55,182.02,182.02,"32,009,300"
28-May-24,179.93,182.24,179.49,182.15,182.15,"29,927,000"
24-May-24,181.65,182.44,180.3,180.75,180.75,"27,434,100"
23-May-24,183.66,184.76,180.08,181.05,181.05,"33,670,200"
22-May-24,183.88,185.22,181.97,183.13,183.13,"28,148,800"
21-May-24,182.3,183.26,180.75,183.15,183.15,"50,839,100"
20-May-24,184.34,186.67,183.28,183.54,183.54,"30,511,800"
17-May-24,183.76,185.3,183.35,184.7,184.7,"33,175,700"
16-May-24,185.6,187.31,183.46,183.63,183.63,"38,834,500"
15-May-24,185.97,186.72,182.73,185.99,185.99,"75,459,900"
14-May-24,183.82,187.72,183.45,187.07,187.07,"38,698,200"
13-May-24,188,188.31,185.36,186.57,186.57,"24,898,600"
10-May-24,189.16,189.89,186.93,187.48,187.48,"34,141,800"
09-May-24,188.88,191.7,187.44,189.5,189.5,"43,368,400"
08-May-24,187.44,188.43,186.39,188,188,"26,136,400"
07-May-24,188.92,189.94,187.31,188.76,188.76,"34,048,900"
06-May-24,186.28,188.75,184.8,188.7,188.7,"34,725,300"
03-May-24,186.99,187.87,185.42,186.21,186.21,"39,172,000"
02-May-24,180.85,185.1,179.91,184.72,184.72,"54,303,500"
01-May-24,181.64,185.15,176.56,179,179,"94,645,100"
30-Apr-24,181.09,182.99,174.8,175,175,"94,639,800"
29-Apr-24,182.75,183.53,179.39,180.96,180.96,"54,063,900"
26-Apr-24,177.8,180.82,176.13,179.62,179.62,"43,919,800"
25-Apr-24,169.68,173.92,166.32,173.67,173.67,"49,249,400"
24-Apr-24,179.94,180.32,176.18,176.59,176.59,"34,185,100"
23-Apr-24,178.08,179.93,175.98,179.54,179.54,"37,046,500"
22-Apr-24,176.94,178.87,174.56,177.23,177.23,"37,924,900"
19-Apr-24,178.74,179,173.44,174.63,174.63,"55,950,000"
18-Apr-24,181.47,182.39,178.65,179.22,179.22,"30,723,800"
17-Apr-24,184.31,184.57,179.82,181.28,181.28,"31,359,700"
16-Apr-24,183.27,184.83,182.26,183.32,183.32,"32,891,300"
15-Apr-24,187.43,188.69,183,183.62,183.62,"48,052,400"
12-Apr-24,187.72,188.38,185.08,186.13,186.13,"38,554,300"
11-Apr-24,186.74,189.77,185.51,189.05,189.05,"40,020,700"
10-Apr-24,182.77,186.27,182.67,185.95,185.95,"35,879,200"
09-Apr-24,187.24,187.34,184.2,185.67,185.67,"36,546,900"
08-Apr-24,186.9,187.29,184.81,185.19,185.19,"39,221,300"
05-Apr-24,182.38,186.27,181.97,185.07,185.07,"42,335,200"
04-Apr-24,184,185.1,180,180,180,"41,624,300"
03-Apr-24,179.9,182.87,179.8,182.41,182.41,"31,046,600"
02-Apr-24,179.07,180.79,178.38,180.69,180.69,"32,611,500"
01-Apr-24,180.79,183,179.95,180.97,180.97,"29,174,500"
28-Mar-24,180.17,181.7,179.26,180.38,180.38,"38,051,600"
27-Mar-24,179.88,180,177.31,179.83,179.83,"33,272,600"
26-Mar-24,180.15,180.45,177.95,178.3,178.3,"29,659,000"
25-Mar-24,178.01,180.99,177.24,179.71,179.71,"29,815,500"
22-Mar-24,177.75,179.26,176.75,178.87,178.87,"27,964,100"
21-Mar-24,179.99,181.42,178.15,178.15,178.15,"32,824,300"
20-Mar-24,176.14,178.53,174.64,178.15,178.15,"29,947,200"
19-Mar-24,174.22,176.09,173.52,175.9,175.9,"26,880,900"
18-Mar-24,175.8,176.69,174.28,174.48,174.48,"31,250,700"
15-Mar-24,176.64,177.93,173.9,174.42,174.42,"72,115,500"
14-Mar-24,177.69,179.53,176.47,178.75,178.75,"43,705,800"
13-Mar-24,175.9,177.62,175.55,176.56,176.56,"30,772,600"
12-Mar-24,173.5,176.76,171.98,175.39,175.39,"36,610,600"
11-Mar-24,174.31,174.47,171.47,171.96,171.96,"28,484,800"
08-Mar-24,176.44,178.79,174.33,175.35,175.35,"37,853,500"
07-Mar-24,174.83,177.99,173.72,176.82,176.82,"34,063,300"
06-Mar-24,175.54,176.46,173.26,173.51,173.51,"32,090,900"
05-Mar-24,176.93,176.93,173.3,174.12,174.12,"37,228,300"
04-Mar-24,177.53,180.14,177.49,177.58,177.58,"37,381,500"
01-Mar-24,176.75,178.73,176.07,178.22,178.22,"31,956,200"
29-Feb-24,173.01,177.22,172.85,176.76,176.76,"53,805,400"
28-Feb-24,172.44,174.05,172.27,173.16,173.16,"28,180,500"
27-Feb-24,174.08,174.62,172.86,173.54,173.54,"31,141,700"
26-Feb-24,175.7,176.37,174.26,174.73,174.73,"44,368,600"
23-Feb-24,174.28,175.75,173.7,174.99,174.99,"59,715,200"
22-Feb-24,173.1,174.8,171.77,174.58,174.58,"55,392,400"
21-Feb-24,168.94,170.23,167.14,168.59,168.59,"44,575,600"
20-Feb-24,167.83,168.71,165.74,167.08,167.08,"41,980,300"
16-Feb-24,168.74,170.42,167.17,169.51,169.51,"48,074,600"
15-Feb-24,170.58,171.17,167.59,169.8,169.8,"49,855,200"
14-Feb-24,169.21,171.21,168.28,170.98,170.98,"42,815,500"
13-Feb-24,167.73,170.95,165.75,168.64,168.64,"56,345,100"
12-Feb-24,174.8,175.39,171.54,172.34,172.34,"51,050,400"
09-Feb-24,170.9,175,170.58,174.45,174.45,"56,986,000"
08-Feb-24,169.65,171.43,168.88,169.84,169.84,"42,316,500"
07-Feb-24,169.48,170.88,168.94,170.53,170.53,"47,174,100"
06-Feb-24,169.39,170.71,167.65,169.15,169.15,"42,505,500"
05-Feb-24,170.2,170.55,167.7,170.31,170.31,"55,081,300"
02-Feb-24,169.19,172.5,167.33,171.81,171.81,"117,154,900"
01-Feb-24,155.87,159.76,155.62,159.28,159.28,"76,542,400"
31-Jan-24,157,159.01,154.81,155.2,155.2,"50,284,400"
30-Jan-24,160.7,161.73,158.49,159,159,"45,207,400"
29-Jan-24,159.34,161.29,158.9,161.26,161.26,"45,270,400"
26-Jan-24,158.42,160.72,157.91,159.12,159.12,"51,047,400"
25-Jan-24,156.95,158.51,154.55,157.75,157.75,"43,638,600"
24-Jan-24,157.8,158.51,156.48,156.87,156.87,"48,547,300"
23-Jan-24,154.85,156.21,153.93,156.02,156.02,"37,986,000"
22-Jan-24,156.89,157.05,153.9,154.78,154.78,"43,687,500"
19-Jan-24,153.83,155.76,152.74,155.34,155.34,"51,033,700"
18-Jan-24,152.77,153.78,151.82,153.5,153.5,"37,850,200"
17-Jan-24,151.49,152.15,149.91,151.71,151.71,"34,953,400"
16-Jan-24,153.53,154.99,152.15,153.16,153.16,"41,384,600"
12-Jan-24,155.39,156.2,154.01,154.62,154.62,"40,460,300"
11-Jan-24,155.04,157.17,153.12,155.18,155.18,"49,072,700"
10-Jan-24,152.06,154.42,151.88,153.73,153.73,"44,421,800"
09-Jan-24,148.33,151.71,148.21,151.37,151.37,"43,812,600"
08-Jan-24,146.74,149.4,146.15,149.1,149.1,"46,757,100"
05-Jan-24,144.69,146.59,144.53,145.24,145.24,"45,124,800"
04-Jan-24,145.59,147.38,144.05,144.57,144.57,"56,039,800"
03-Jan-24,149.2,151.05,148.33,148.47,148.47,"49,425,500"
02-Jan-24,151.54,152.38,148.39,149.93,149.93,"47,339,400"
29-Dec-23,153.1,153.89,151.03,151.94,151.94,"39,789,000"
28-Dec-23,153.72,154.08,152.95,153.38,153.38,"27,057,000"
27-Dec-23,153.56,154.78,153.12,153.34,153.34,"31,434,700"
26-Dec-23,153.56,153.98,153.03,153.41,153.41,"25,067,200"
22-Dec-23,153.77,154.35,152.71,153.42,153.42,"29,480,100"
21-Dec-23,153.3,153.97,152.1,153.84,153.84,"36,305,700"
20-Dec-23,152.9,155.63,151.56,152.12,152.12,"50,322,100"
19-Dec-23,154.4,155.12,152.69,153.79,153.79,"43,171,300"
18-Dec-23,150.56,154.85,150.05,154.07,154.07,"62,512,800"
15-Dec-23,148.38,150.57,147.88,149.97,149.97,"110,039,100"
14-Dec-23,149.93,150.54,145.52,147.42,147.42,"58,400,800"
13-Dec-23,148.12,149.46,146.82,148.84,148.84,"52,766,200"
12-Dec-23,145.52,147.5,145.3,147.48,147.48,"44,944,300"
11-Dec-23,145.66,146.19,143.64,145.89,145.89,"50,907,300"
08-Dec-23,145.48,147.84,145.4,147.42,147.42,"41,858,000"
07-Dec-23,146.15,147.92,145.34,146.88,146.88,"52,352,800"
06-Dec-23,147.58,147.85,144.28,144.52,144.52,"39,679,000"
05-Dec-23,143.55,148.57,143.13,146.88,146.88,"46,822,400"
04-Dec-23,145.25,145.35,142.81,144.84,144.84,"48,294,200"
01-Dec-23,146,147.25,145.55,147.03,147.03,"39,924,600"
30-Nov-23,144.76,146.93,144.33,146.09,146.09,"65,814,000"
29-Nov-23,147.85,148.54,145.97,146.32,146.32,"40,610,900"
28-Nov-23,146.98,147.6,145.53,147.03,147.03,"42,711,700"
27-Nov-23,147.53,149.26,146.88,147.73,147.73,"53,762,400"
24-Nov-23,146.7,147.2,145.32,146.74,146.74,"22,378,400"
22-Nov-23,144.57,147.74,144.57,146.71,146.71,"45,669,100"
21-Nov-23,143.91,144.05,141.5,143.9,143.9,"71,226,000"
20-Nov-23,145.13,146.63,144.73,146.13,146.13,"41,951,200"
17-Nov-23,142.66,145.23,142.54,145.18,145.18,"49,636,700"
16-Nov-23,140.91,143.32,139.52,142.83,142.83,"49,653,500"
15-Nov-23,147.06,147.29,142.59,143.2,143.2,"63,875,700"
14-Nov-23,145,147.26,144.68,145.8,145.8,"56,674,600"
13-Nov-23,142.08,143.23,140.67,142.59,142.59,"35,680,600"
10-Nov-23,140.46,143.65,139.91,143.56,143.56,"49,287,800"
09-Nov-23,142.02,142.65,139.84,140.6,140.6,"36,235,400"
08-Nov-23,142.97,143.12,141.22,142.08,142.08,"44,521,700"
07-Nov-23,140.55,143.37,140.5,142.71,142.71,"53,553,500"
06-Nov-23,138.76,140.73,138.36,139.74,139.74,"44,970,400"
03-Nov-23,138.99,139.49,137.45,138.6,138.6,"44,007,200"
02-Nov-23,138.73,138.81,136.47,138.07,138.07,"52,236,700"
01-Nov-23,133.96,137.35,133.71,137,137,"61,529,400"
31-Oct-23,132.75,133.57,131.71,133.09,133.09,"51,589,400"
30-Oct-23,129.72,133,128.56,132.71,132.71,"72,485,500"
27-Oct-23,126.2,130.02,125.52,127.74,127.74,"125,309,300"
26-Oct-23,120.63,121.64,118.35,119.57,119.57,"100,419,500"
25-Oct-23,126.04,126.34,120.79,121.39,121.39,"74,577,500"
24-Oct-23,127.74,128.8,126.34,128.56,128.56,"46,477,400"
23-Oct-23,124.63,127.88,123.98,126.56,126.56,"48,260,000"
20-Oct-23,128.05,128.17,124.97,125.17,125.17,"56,343,300"
19-Oct-23,130.57,132.24,127.47,128.4,128.4,"60,961,400"
18-Oct-23,129.9,130.67,127.51,128.13,128.13,"42,699,500"
17-Oct-23,130.39,132.58,128.71,131.47,131.47,"49,344,600"
16-Oct-23,130.69,133.07,130.43,132.55,132.55,"42,832,900"
13-Oct-23,132.98,133.31,128.95,129.79,129.79,"45,786,600"
12-Oct-23,132.17,134.48,131.23,132.33,132.33,"55,528,600"
11-Oct-23,129.74,132.05,129.61,131.83,131.83,"40,741,800"
10-Oct-23,128.82,130.74,128.05,129.48,129.48,"42,178,600"
09-Oct-23,126.22,128.79,124.76,128.26,128.26,"38,773,700"
06-Oct-23,124.16,128.45,124.13,127.96,127.96,"46,795,900"
05-Oct-23,126.71,126.73,124.33,125.96,125.96,"39,660,600"
04-Oct-23,126.06,127.36,125.68,127,127,"44,203,900"
03-Oct-23,128.06,128.52,124.25,124.72,124.72,"51,565,000"
02-Oct-23,127.28,130.47,126.54,129.46,129.46,"48,029,700"
29-Sep-23,128.2,129.15,126.32,127.12,127.12,"62,377,600"
28-Sep-23,124.04,126.58,123.04,125.98,125.98,"54,555,000"
27-Sep-23,125.76,127.48,124.13,125.98,125.98,"66,553,400"
26-Sep-23,130.12,130.39,125.28,125.98,125.98,"73,048,200"
25-Sep-23,129.36,131.78,128.77,131.27,131.27,"46,017,800"
22-Sep-23,131.11,132.03,128.52,129.12,129.12,"59,904,300"
21-Sep-23,131.94,132.24,129.31,129.33,129.33,"70,234,800"
20-Sep-23,138.55,139.37,135.2,135.29,135.29,"46,263,700"
19-Sep-23,138.7,138.84,135.56,137.63,137.63,"61,482,500"
18-Sep-23,140.48,141.75,139.22,139.98,139.98,"42,823,500"
15-Sep-23,142.69,143.57,140.09,140.39,140.39,"102,861,700"
14-Sep-23,145.08,145.86,142.95,144.72,144.72,"64,033,600"
13-Sep-23,140.95,144.98,140.87,144.85,144.85,"60,465,200"
12-Sep-23,142.32,143,140.61,141.23,141.23,"42,668,500"
11-Sep-23,138.75,143.62,138.64,143.1,143.1,"56,764,500"
08-Sep-23,136.86,138.85,136.75,138.23,138.23,"38,348,200"
07-Sep-23,133.9,138.03,133.16,137.85,137.85,"48,498,900"
06-Sep-23,136.32,137.45,134.61,135.36,135.36,"41,785,500"
05-Sep-23,137.73,137.8,135.82,137.27,137.27,"40,636,700"
01-Sep-23,139.46,139.96,136.88,138.12,138.12,"40,948,300"
31-Aug-23,135.06,138.79,135,138.01,138.01,"58,781,300"
30-Aug-23,134.93,135.68,133.92,135.07,135.07,"36,137,000"
29-Aug-23,133.38,135.14,133.25,134.91,134.91,"38,646,100"
28-Aug-23,133.78,133.95,131.85,133.14,133.14,"34,108,400"
25-Aug-23,132.47,133.87,130.58,133.26,133.26,"44,147,500"
24-Aug-23,136.4,136.78,131.83,131.84,131.84,"43,646,300"
23-Aug-23,134.5,135.95,133.22,135.52,135.52,"42,801,000"
22-Aug-23,135.08,135.65,133.73,134.25,134.25,"32,935,100"
21-Aug-23,133.74,135.19,132.71,134.68,134.68,"41,442,500"
18-Aug-23,131.62,134.07,131.15,133.22,133.22,"48,469,400"
17-Aug-23,135.46,136.09,133.53,133.98,133.98,"48,354,100"
16-Aug-23,137.19,137.27,135.01,135.07,135.07,"41,675,900"
15-Aug-23,140.05,141.28,137.23,137.67,137.67,"42,781,500"
14-Aug-23,138.3,140.59,137.75,140.57,140.57,"47,148,700"
11-Aug-23,137.4,139.33,137,138.41,138.41,"42,832,100"
10-Aug-23,139.07,140.41,137.49,138.56,138.56,"58,928,400"
09-Aug-23,139.97,140.32,137.1,137.85,137.85,"50,017,300"
08-Aug-23,140.62,140.84,138.42,139.94,139.94,"51,710,500"
07-Aug-23,140.99,142.54,138.95,142.22,142.22,"71,213,100"
04-Aug-23,141.06,143.63,139.32,139.57,139.57,"152,938,700"
03-Aug-23,127.48,129.84,126.41,128.91,128.91,"88,585,200"
02-Aug-23,130.15,130.23,126.82,128.21,128.21,"51,027,600"
01-Aug-23,133.55,133.69,131.62,131.69,131.69,"42,098,500"
31-Jul-23,133.2,133.87,132.38,133.68,133.68,"41,901,500"
28-Jul-23,129.69,133.01,129.33,132.21,132.21,"46,317,400"
27-Jul-23,131,132.63,127.79,128.25,128.25,"52,610,700"
26-Jul-23,126.51,129.08,126.11,128.15,128.15,"53,910,100"
25-Jul-23,129.31,129.58,128.53,129.13,129.13,"39,236,700"
24-Jul-23,130.31,131.66,128.35,128.8,128.8,"45,591,100"
21-Jul-23,131.34,131.37,128.42,130,130,"133,265,000"
20-Jul-23,134.07,134.79,129.33,129.96,129.96,"59,820,600"
19-Jul-23,133.39,135.99,132.53,135.36,135.36,"54,531,000"
18-Jul-23,132.71,133.86,131.35,132.83,132.83,"54,969,100"
17-Jul-23,134.56,135.62,133.21,133.56,133.56,"48,450,200"
14-Jul-23,134.06,136.65,134.06,134.68,134.68,"54,388,100"
13-Jul-23,134.04,134.67,132.71,134.3,134.3,"61,170,900"
12-Jul-23,130.31,131.26,128.83,130.8,130.8,"54,022,800"
11-Jul-23,127.75,129.77,127.35,128.78,128.78,"49,951,500"
10-Jul-23,129.07,129.28,125.92,127.13,127.13,"61,889,300"
07-Jul-23,128.59,130.97,128.13,129.78,129.78,"41,928,700"
06-Jul-23,128.25,128.73,127.37,128.36,128.36,"40,639,900"
05-Jul-23,130.24,131.4,129.64,130.38,130.38,"35,895,400"
03-Jul-23,130.82,131.85,130.07,130.22,130.22,"28,264,800"
30-Jun-23,129.47,131.25,128.95,130.36,130.36,"54,310,500"
29-Jun-23,128.77,129.26,127.26,127.9,127.9,"40,761,000"
28-Jun-23,128.94,131.48,128.44,129.04,129.04,"52,149,500"
27-Jun-23,128.63,130.09,127.55,129.18,129.18,"46,801,000"
26-Jun-23,129.33,131.49,127.1,127.33,127.33,"59,989,300"
23-Jun-23,129.11,130.84,128.28,129.33,129.33,"71,855,200"
22-Jun-23,125.31,130.33,125.14,130.15,130.15,"90,354,600"
21-Jun-23,125.64,126.73,123.85,124.83,124.83,"52,137,700"
20-Jun-23,124.97,127.25,124.5,125.78,125.78,"56,930,100"
16-Jun-23,127.71,127.9,125.3,125.49,125.49,"84,188,100"
15-Jun-23,125.21,127.69,124.32,127.11,127.11,"60,458,500"
14-Jun-23,126.7,126.95,124.12,126.42,126.42,"52,422,500"
13-Jun-23,128.12,128.41,125.18,126.66,126.66,"50,564,800"
12-Jun-23,124.02,126.78,123.53,126.57,126.57,"51,338,000"
09-Jun-23,124.08,125.8,123.19,123.43,123.43,"51,330,000"
08-Jun-23,123.01,125.63,122.26,124.25,124.25,"62,159,300"
07-Jun-23,127.01,127.37,120.63,121.23,121.23,"95,663,300"
06-Jun-23,125.07,127.4,125,126.61,126.61,"45,695,200"
05-Jun-23,123.36,125.8,123.03,125.3,125.3,"47,950,100"
02-Jun-23,124.92,126.39,124.02,124.25,124.25,"61,215,000"
01-Jun-23,120.69,123.49,119.93,122.77,122.77,"54,375,100"
31-May-23,121.45,122.04,119.17,120.58,120.58,"72,800,800"
30-May-23,122.37,122.92,119.86,121.66,121.66,"64,314,800"
26-May-23,116.04,121.5,116.02,120.11,120.11,"96,779,900"
25-May-23,116.63,116.87,114.31,115,115,"66,496,700"
24-May-23,115.35,117.34,115.02,116.75,116.75,"63,487,900"
23-May-23,114.27,117.14,113.78,114.99,114.99,"67,576,300"
22-May-23,116.77,116.77,114.25,115.01,115.01,"70,741,100"
19-May-23,118.16,118.31,115.7,116.25,116.25,"54,990,200"
18-May-23,116.69,118.6,116.34,118.15,118.15,"73,174,100"
17-May-23,114.89,115.83,114.22,115.5,115.5,"65,655,200"
16-May-23,111.05,114.79,111.05,113.4,113.4,"71,472,900"
15-May-23,111.15,112.29,109.25,111.2,111.2,"53,011,100"
12-May-23,112.16,112.64,109.32,110.26,110.26,"49,810,100"
11-May-23,111.03,113.28,110.49,112.18,112.18,"74,924,800"
10-May-23,108.1,110.67,108.05,110.19,110.19,"78,627,600"
09-May-23,105.48,106.79,105.16,106.62,106.62,"44,089,400"
08-May-23,105.04,106.1,104.7,105.83,105.83,"49,430,900"
05-May-23,104.27,105.76,103.55,105.66,105.66,"56,912,900"
04-May-23,104.04,105.39,103.31,104,104,"45,345,500"
03-May-23,103.74,105.96,103.28,103.65,103.65,"65,051,900"
02-May-23,101.47,103.9,101.15,103.63,103.63,"73,469,400"
01-May-23,104.95,105.23,101.82,102.05,102.05,"74,728,100"
28-Apr-23,107.73,109.48,104.33,105.45,105.45,"130,565,000"
27-Apr-23,108.16,110.86,106.8,109.82,109.82,"149,961,200"
26-Apr-23,105.04,106.62,104.1,104.98,104.98,"73,803,800"
25-Apr-23,104.91,105.45,102.45,102.57,102.57,"65,026,800"
24-Apr-23,107.66,109.23,105.07,106.21,106.21,"69,575,600"
21-Apr-23,106.1,108.15,105.08,106.96,106.96,"86,774,200"
20-Apr-23,103.53,105.25,103.21,103.81,103.81,"57,696,900"
19-Apr-23,101.58,105.12,101.39,104.3,104.3,"58,398,900"
18-Apr-23,103.95,104.2,101.52,102.3,102.3,"39,790,500"
17-Apr-23,103.16,103.73,101.59,102.74,102.74,"39,919,500"
14-Apr-23,102.07,103.2,101.11,102.51,102.51,"51,450,500"
13-Apr-23,98.95,102.57,98.71,102.4,102.4,"67,925,100"
12-Apr-23,100.4,100.51,97.71,97.83,97.83,"56,735,000"
11-Apr-23,100.8,101,99.01,99.92,99.92,"60,417,800"
10-Apr-23,100.96,102.2,99.57,102.17,102.17,"37,261,200"
06-Apr-23,100.75,102.38,99.8,102.06,102.06,"43,808,000"
05-Apr-23,103.91,103.91,100.75,101.1,101.1,"45,175,400"
04-Apr-23,102.75,104.2,102.11,103.95,103.95,"48,662,500"
03-Apr-23,102.3,103.29,101.43,102.41,102.41,"41,135,700"
31-Mar-23,102.16,103.49,101.95,103.29,103.29,"56,750,300"
30-Mar-23,101.55,103.04,101.01,102,102,"53,633,400"
29-Mar-23,98.69,100.42,98.56,100.25,100.25,"49,783,300"
28-Mar-23,98.11,98.44,96.29,97.24,97.24,"38,720,100"
27-Mar-23,99.07,99.34,97.08,98.04,98.04,"46,721,300"
24-Mar-23,98.07,98.3,96.4,98.13,98.13,"56,095,400"
23-Mar-23,100.43,101.06,97.62,98.71,98.71,"57,559,300"
22-Mar-23,100.45,102.1,98.61,98.7,98.7,"57,475,400"
21-Mar-23,98.14,100.85,98,100.61,100.61,"58,597,300"
20-Mar-23,98.41,98.48,95.7,97.71,97.71,"62,388,900"
17-Mar-23,99.79,100.66,97.46,98.95,98.95,"87,300,200"
16-Mar-23,95.75,100.99,95.61,100.04,100.04,"84,446,900"
15-Mar-23,93.22,96.67,93.07,96.2,96.2,"70,731,800"
14-Mar-23,93.83,95.07,92.71,94.88,94.88,"60,912,700"
13-Mar-23,89.97,94.02,88.12,92.43,92.43,"72,397,100"
10-Mar-23,92.67,93.57,90.25,90.73,90.73,"69,827,500"
09-Mar-23,93.68,96.21,92.18,92.25,92.25,"56,218,700"
08-Mar-23,93.6,94.17,92.18,93.92,93.92,"44,899,100"
07-Mar-23,94.06,95.09,92.78,93.55,93.55,"49,100,700"
06-Mar-23,95.19,96.55,93.74,93.75,93.75,"52,112,400"
03-Mar-23,92.74,94.94,92.66,94.9,94.9,"55,759,600"
02-Mar-23,91.41,92.23,90.39,92.13,92.13,"55,509,400"
01-Mar-23,93.87,94.68,91.59,92.17,92.17,"52,299,500"
28-Feb-23,93.14,94.69,92.92,94.23,94.23,"43,959,300"
27-Feb-23,94.28,94.78,93.14,93.76,93.76,"47,470,300"
24-Feb-23,93.53,94.14,92.32,93.5,93.5,"57,053,800"
23-Feb-23,96.12,96.43,93.67,95.82,95.82,"48,467,000"
22-Feb-23,95.1,97.01,94.8,95.79,95.79,"59,534,100"
21-Feb-23,95.34,95.61,94.27,94.58,94.58,"56,580,400"
17-Feb-23,97.8,97.94,95.65,97.2,97.2,"60,029,400"
16-Feb-23,99.21,100.63,98.1,98.15,98.15,"56,339,200"
15-Feb-23,99.09,101.17,98.45,101.16,101.16,"47,957,600"
14-Feb-23,98.41,100.92,97.52,99.7,99.7,"56,202,900"
13-Feb-23,97.85,99.68,96.91,99.54,99.54,"52,841,500"
10-Feb-23,97.56,98.82,96.23,97.61,97.61,"52,740,100"
09-Feb-23,101.32,101.78,97.57,98.24,98.24,"64,622,500"
08-Feb-23,102.04,102.67,98.78,100.05,100.05,"75,878,300"
07-Feb-23,101.17,102.41,98.08,102.11,102.11,"119,501,300"
06-Feb-23,102.93,103.95,100.65,102.18,102.18,"81,945,200"
03-Feb-23,105.26,108.78,102.52,103.39,103.39,"144,374,800"
02-Feb-23,110.25,114,108.88,112.91,112.91,"158,154,200"
01-Feb-23,102.53,106.24,101.24,105.15,105.15,"80,450,100"
31-Jan-23,101.16,103.35,101.14,103.13,103.13,"66,527,300"
30-Jan-23,101.09,101.74,99.01,100.55,100.55,"70,691,900"
27-Jan-23,99.53,103.49,99.53,102.24,102.24,"87,775,600"
26-Jan-23,98.24,99.49,96.92,99.22,99.22,"68,523,600"
25-Jan-23,92.56,97.24,91.52,97.18,97.18,"94,261,600"
24-Jan-23,96.93,98.09,96,96.32,96.32,"66,929,500"
23-Jan-23,97.56,97.78,95.86,97.52,97.52,"76,501,100"
20-Jan-23,93.86,97.35,93.2,97.25,97.25,"67,481,500"
19-Jan-23,94.74,95.44,92.86,93.68,93.68,"69,002,700"
18-Jan-23,97.25,99.32,95.38,95.46,95.46,"79,570,400"
17-Jan-23,98.68,98.89,95.73,96.05,96.05,"72,755,000"
13-Jan-23,94.18,98.37,94.12,98.12,98.12,"85,549,400"
12-Jan-23,96.93,97.19,93.5,95.27,95.27,"85,254,800"
11-Jan-23,90.93,95.26,90.93,95.09,95.09,"103,126,200"
10-Jan-23,87.57,90.19,87.29,89.87,89.87,"67,756,600"
09-Jan-23,87.46,89.48,87.08,87.36,87.36,"65,266,100"
06-Jan-23,83.03,86.4,81.43,86.08,86.08,"83,303,400"
05-Jan-23,85.33,85.42,83.07,83.12,83.12,"67,930,800"
04-Jan-23,86.55,86.98,83.36,85.14,85.14,"68,885,100"
03-Jan-23,85.46,86.96,84.21,85.82,85.82,"76,706,000"
30-Dec-22,83.12,84.05,82.47,84,84,"62,401,200"
29-Dec-22,82.87,84.55,82.55,84.18,84.18,"54,995,900"
28-Dec-22,82.8,83.48,81.69,81.82,81.82,"58,228,600"
27-Dec-22,84.97,85.35,83,83.04,83.04,"57,284,000"
23-Dec-22,83.25,85.78,82.93,85.25,85.25,"57,433,700"
22-Dec-22,85.52,85.68,82.25,83.79,83.79,"81,431,300"
21-Dec-22,86.18,87.23,85.21,86.77,86.77,"59,267,200"
20-Dec-22,85.33,86.61,84.33,85.19,85.19,"74,348,300"
19-Dec-22,87.51,87.63,84.51,84.92,84.92,"83,531,500"
16-Dec-22,88.27,89.35,86.73,87.86,87.86,"146,144,100"
15-Dec-22,89.89,89.97,87.47,88.45,88.45,"84,802,900"
14-Dec-22,92.5,93.46,89.87,91.58,91.58,"70,298,000"
13-Dec-22,95.23,96.25,90.52,92.49,92.49,"100,212,000"
12-Dec-22,89.21,90.58,87.87,90.55,90.55,"61,999,800"
09-Dec-22,88.9,90.3,88.63,89.09,89.09,"67,398,500"
08-Dec-22,89.24,90.86,87.88,90.35,90.35,"73,305,900"
07-Dec-22,88.34,89.89,87.48,88.46,88.46,"68,086,900"
06-Dec-22,90.5,91.04,87.9,88.25,88.25,"75,503,600"
05-Dec-22,93.05,94.06,90.82,91.01,91.01,"71,535,500"
02-Dec-22,94.48,95.36,93.78,94.13,94.13,"72,496,400"
01-Dec-22,96.99,97.23,94.92,95.5,95.5,"68,488,000"
30-Nov-22,92.47,96.54,91.53,96.54,96.54,"102,805,800"
29-Nov-22,94.04,94.41,91.44,92.42,92.42,"65,567,300"
28-Nov-22,93.93,96.4,93.43,93.95,93.95,"74,943,100"
25-Nov-22,93.79,94.43,93.07,93.41,93.41,"35,088,600"
23-Nov-22,93.24,94.58,92.83,94.13,94.13,"59,414,700"
22-Nov-22,92.62,93.35,90.87,93.2,93.2,"62,192,000"
21-Nov-22,93.97,95.02,90.59,92.46,92.46,"84,330,300"
18-Nov-22,95.95,95.99,92.48,94.14,94.14,"72,428,200"
17-Nov-22,95.37,96.97,94.03,94.85,94.85,"82,617,900"
16-Nov-22,96.85,98.49,95.54,97.12,97.12,"87,958,800"
15-Nov-22,103.21,103.79,97.34,98.94,98.94,"111,336,300"
14-Nov-22,98.77,100.12,97.29,98.49,98.49,"99,533,100"
11-Nov-22,97.88,101.19,96.66,100.79,100.79,"111,590,500"
10-Nov-22,92.94,98.69,91.65,96.63,96.63,"173,414,900"
09-Nov-22,89.47,89.48,85.87,86.14,86.14,"90,796,200"
08-Nov-22,90.79,91.72,88.23,89.98,89.98,"88,703,400"
07-Nov-22,91.95,92.1,89.04,90.53,90.53,"77,495,700"
04-Nov-22,91.49,92.44,88.04,90.98,90.98,"129,101,300"
03-Nov-22,92.47,93.5,89.02,89.3,89.3,"136,683,300"
02-Nov-22,97.32,97.74,92.01,92.12,92.12,"135,761,800"
01-Nov-22,103.99,104.58,96.06,96.79,96.79,"153,370,000"
31-Oct-22,103.56,104.87,100.74,102.44,102.44,"99,251,400"
28-Oct-22,97.91,103.96,97.66,103.41,103.41,"223,133,400"
27-Oct-22,113.92,114.12,109.77,110.96,110.96,"129,605,400"
26-Oct-22,116,119.35,114.76,115.66,115.66,"68,802,300"
25-Oct-22,119.65,121.32,118.95,120.6,120.6,"50,934,600"
24-Oct-22,119.98,120.39,116.57,119.82,119.82,"49,531,500"
21-Oct-22,114.79,119.59,114.5,119.32,119.32,"55,660,500"
20-Oct-22,113.83,118.24,113.51,115.25,115.25,"48,795,100"
19-Oct-22,114.71,116.59,113.22,115.07,115.07,"47,198,100"
18-Oct-22,119.06,119.52,114.79,116.36,116.36,"65,607,400"
17-Oct-22,110.11,114.19,110.09,113.79,113.79,"62,782,000"
14-Oct-22,114.1,114.96,106.6,106.9,106.9,"67,737,300"
13-Oct-22,107.88,113.44,105.35,112.53,112.53,"86,868,100"
12-Oct-22,112.49,113.83,111.4,112.9,112.9,"45,728,700"
11-Oct-22,112.71,115.48,110.39,112.21,112.21,"56,432,200"
10-Oct-22,115.1,116.25,112.43,113.67,113.67,"42,339,700"
07-Oct-22,118,118.17,113.88,114.56,114.56,"54,678,000"
06-Oct-22,120.77,121.53,119.5,120.3,120.3,"42,253,800"
05-Oct-22,118.58,121.75,117.69,120.95,120.95,"48,217,500"
04-Oct-22,119.89,123,119.79,121.09,121.09,"62,812,600"
03-Oct-22,113.58,116.91,112.45,115.88,115.88,"50,941,900"
30-Sep-22,114.08,116.92,112.84,113,113,"59,479,600"
29-Sep-22,115.6,116.07,113.06,114.8,114.8,"58,969,700"
28-Sep-22,114.38,118.7,113.8,118.01,118.01,"55,763,800"
27-Sep-22,117.2,118.32,113.05,114.41,114.41,"60,094,700"
26-Sep-22,113.3,117.34,113.13,115.15,115.15,"62,723,300"
23-Sep-22,116,116.05,112.06,113.78,113.78,"65,126,700"
22-Sep-22,117.08,118.79,116.26,117.31,117.31,"55,229,200"
21-Sep-22,122.49,123.76,118.45,118.54,118.54,"58,498,900"
20-Sep-22,123.35,124.4,121.14,122.19,122.19,"47,698,400"
19-Sep-22,122.16,124.71,121.8,124.66,124.66,"47,279,700"
16-Sep-22,122.78,123.87,120.7,123.53,123.53,"115,667,800"
15-Sep-22,127.38,130.37,125.5,126.28,126.28,"52,887,200"
14-Sep-22,127.36,128.84,126.33,128.55,128.55,"45,316,800"
13-Sep-22,131.01,131.4,126.27,126.82,126.82,"72,694,000"
12-Sep-22,134.1,136.49,134,136.45,136.45,"53,826,900"
09-Sep-22,130.91,133.69,130.76,133.27,133.27,"49,387,600"
08-Sep-22,127.72,130.28,127.1,129.82,129.82,"43,988,500"
07-Sep-22,126.12,129.82,125.4,129.48,129.48,"47,900,300"
06-Sep-22,127.92,128.62,124.74,126.11,126.11,"43,888,600"
02-Sep-22,129.5,131.38,126.39,127.51,127.51,"57,429,800"
01-Sep-22,126,128.02,123.66,127.82,127.82,"56,636,100"
31-Aug-22,129.45,130.59,126.74,126.77,126.77,"53,648,700"
30-Aug-22,131.25,132.07,126.85,128.73,128.73,"49,203,000"
29-Aug-22,129.9,131.95,128.77,129.79,129.79,"48,101,600"
26-Aug-22,136.55,137.83,130.5,130.75,130.75,"53,322,700"
25-Aug-22,135.26,137.42,134.28,137.28,137.28,"37,496,300"
24-Aug-22,132.75,135.47,132.1,133.8,133.8,"38,627,000"
23-Aug-22,133.41,134.99,132.95,133.62,133.62,"36,252,100"
22-Aug-22,135.72,136.32,132.85,133.22,133.22,"50,461,500"
19-Aug-22,140.47,141.11,137.91,138.23,138.23,"47,792,800"
18-Aug-22,141.32,142.77,140.38,142.3,142.3,"37,458,700"
17-Aug-22,142.69,143.38,140.78,142.1,142.1,"48,149,800"
16-Aug-22,143.91,146.57,142,144.78,144.78,"59,102,900"
15-Aug-22,142.8,143.76,141.49,143.18,143.18,"39,014,600"
12-Aug-22,142.05,143.57,140.12,143.55,143.55,"47,643,500"
11-Aug-22,143.86,144.49,139.76,140.64,140.64,"44,867,300"
10-Aug-22,142.9,144.6,141.01,142.69,142.69,"54,773,800"
09-Aug-22,138.05,138.95,136.21,137.83,137.83,"40,434,700"
08-Aug-22,142.05,144.23,138.29,139.41,139.41,"52,229,000"
05-Aug-22,140.1,142.86,139.6,140.8,140.8,"50,686,900"
04-Aug-22,140.58,143.56,139.55,142.57,142.57,"70,585,000"
03-Aug-22,136.21,140.49,136.05,139.52,139.52,"71,827,800"
02-Aug-22,134.72,137.44,134.09,134.16,134.16,"61,922,400"
01-Aug-22,134.96,138.83,133.51,135.39,135.39,"76,846,900"
29-Jul-22,134.9,137.65,132.41,134.95,134.95,"148,892,900"
28-Jul-22,121.57,122.84,118.08,122.28,122.28,"82,245,500"
27-Jul-22,117.31,121.9,117.16,120.97,120.97,"61,582,000"
26-Jul-22,115.79,118.15,114.53,114.81,114.81,"67,075,100"
25-Jul-22,122.7,123.64,120.03,121.14,121.14,"50,221,300"
22-Jul-22,125.01,125.5,121.35,122.42,122.42,"51,463,800"
21-Jul-22,123.2,124.85,121.26,124.63,124.63,"60,239,900"
20-Jul-22,118.62,123.48,118.32,122.77,122.77,"71,268,300"
19-Jul-22,115.7,118.95,114.03,118.21,118.21,"60,990,000"
18-Jul-22,115,117.24,113.15,113.76,113.76,"59,115,400"
15-Jul-22,112.5,115.59,111.59,113.55,113.55,"84,317,800"
14-Jul-22,110.24,111.18,107.58,110.63,110.63,"51,163,100"
13-Jul-22,107.03,111.78,106.01,110.4,110.4,"61,353,800"
12-Jul-22,112.16,113.23,108.34,109.22,109.22,"54,280,300"
11-Jul-22,114.08,114.3,110.87,111.75,111.75,"53,487,600"
08-Jul-22,114.6,116.58,113.69,115.54,115.54,"45,719,700"
07-Jul-22,113.85,116.99,113.49,116.33,116.33,"57,872,300"
06-Jul-22,113.21,115.48,112.01,114.33,114.33,"66,958,900"
05-Jul-22,107.6,114.08,106.32,113.5,113.5,"76,583,700"
01-Jul-22,106.29,109.75,105.85,109.56,109.56,"73,021,200"
30-Jun-22,108.11,108.18,102.52,106.21,106.21,"97,679,400"
29-Jun-22,107.38,110.99,106.91,108.92,108.92,"66,375,300"
28-Jun-22,113.5,114.85,107.04,107.4,107.4,"74,942,900"
27-Jun-22,117.09,117.98,112.7,113.22,113.22,"62,133,200"
24-Jun-22,112.38,116.71,111.43,116.46,116.46,"69,867,600"
23-Jun-22,110.39,113,107.93,112.44,112.44,"64,345,300"
22-Jun-22,107.43,112.13,107.02,108.95,108.95,"60,040,100"
21-Jun-22,108.2,111.63,103.56,108.68,108.68,"70,901,200"
17-Jun-22,102.8,106.98,102.51,106.22,106.22,"99,772,100"
16-Jun-22,104.47,104.58,102.01,103.66,103.66,"82,186,300"
15-Jun-22,103.86,109.06,103.53,107.67,107.67,"85,011,100"
14-Jun-22,104.19,104.88,101.43,102.31,102.31,"69,728,800"
13-Jun-22,104.19,106.54,101.86,103.67,103.67,"99,277,700"
10-Jun-22,113.42,114.5,109.05,109.65,109.65,"87,266,000"
09-Jun-22,119.99,121.3,116.1,116.15,116.15,"67,029,800"
08-Jun-22,122.61,123.75,120.75,121.18,121.18,"64,926,600"
07-Jun-22,122.01,124.1,120.63,123,123,"85,156,700"
06-Jun-22,125.25,128.99,123.81,124.79,124.79,"135,269,000"
03-Jun-22,124.2,124.4,121.05,122.35,122.35,"97,604,000"
02-Jun-22,121.68,125.61,120.04,125.51,125.51,"100,560,000"
01-Jun-22,122.26,125.18,120.62,121.68,121.68,"127,528,000"
31-May-22,116.28,121.99,115.68,120.21,120.21,"144,634,000"
27-May-22,113.55,115.19,112.63,115.15,115.15,"93,660,000"
26-May-22,107.97,112.67,107.45,111.08,111.08,"93,002,000"
25-May-22,103.66,108.18,103.65,106.78,106.78,"93,120,000"
24-May-22,104.03,105.4,101.26,104.1,104.1,"102,934,000"
23-May-22,108.46,108.82,103.95,107.56,107.56,"107,798,000"
20-May-22,109.57,109.9,105.01,107.59,107.59,"99,500,000"
19-May-22,106.28,110.03,106.19,107.32,107.32,"88,142,000"
18-May-22,111.44,112.85,106.25,107.11,107.11,"108,380,000"
17-May-22,113.28,115.8,111.28,115.37,115.37,"76,448,000"
16-May-22,113.1,113.99,110.35,110.81,110.81,"74,566,000"
13-May-22,109.07,113.18,107.8,113.06,113.06,"93,684,000"
12-May-22,102.75,110.78,102.41,106.93,106.93,"132,026,000"
11-May-22,108.1,110.16,104.43,105.37,105.37,"109,704,000"
10-May-22,111.25,112.64,107.17,108.86,108.86,"105,434,000"
09-May-22,111.31,114,107.96,108.79,108.79,"128,124,000"
06-May-22,114.85,119.05,113.08,114.77,114.77,"124,260,000"
05-May-22,123,123.5,115.07,116.41,116.41,"144,392,000"
04-May-22,123.6,126,119.18,125.93,125.93,"110,746,000"
03-May-22,124.05,126.22,122.82,124.25,124.25,"79,134,000"
02-May-22,122.4,124.67,118.38,124.5,124.5,"148,788,000"
29-Apr-22,129.85,130.76,121.63,124.28,124.28,"272,662,000"
28-Apr-22,142.18,145.94,140.3,144.6,144.6,"117,316,000"
27-Apr-22,140.19,141.95,135.78,138.17,138.17,"71,336,000"
26-Apr-22,144.8,144.86,138.93,139.39,139.39,"77,530,000"
25-Apr-22,144.02,146.22,142.31,146.07,146.07,"61,874,000"
22-Apr-22,148.25,149.62,143.7,144.35,144.35,"73,078,000"
21-Apr-22,154.71,156.74,147.59,148.3,148.3,"63,970,000"
20-Apr-22,157.6,157.6,153.6,154,154,"59,630,000"
19-Apr-22,152.03,158.65,151.55,158.12,158.12,"54,926,000"
18-Apr-22,151.52,154.04,150.25,152.79,152.79,"46,514,000"
14-Apr-22,155.39,155.9,151.47,151.71,151.71,"51,598,000"
13-Apr-22,150.02,156.02,149.6,155.54,155.54,"53,390,000"
12-Apr-22,153.69,155.1,150.38,150.79,150.79,"55,178,000"
11-Apr-22,152.71,154.14,150.53,151.12,151.12,"52,112,000"
08-Apr-22,156.75,157.37,154.23,154.46,154.46,"46,002,000"
07-Apr-22,158.4,160.08,154.51,157.78,157.78,"68,136,000"
06-Apr-22,161.65,162.2,157.25,158.76,158.76,"79,056,000"
05-Apr-22,167.74,168.11,163.27,164.05,164.05,"53,728,000"
04-Apr-22,164.13,168.39,163.21,168.35,168.35,"49,882,000"
01-Apr-22,164.15,165.83,162.32,163.56,163.56,"57,090,000"
31-Mar-22,166.45,166.49,162.95,163,163,"59,966,000"
30-Mar-22,168.51,168.95,165.5,166.3,166.3,"56,168,000"
29-Mar-22,170.38,170.83,167.87,169.32,169.32,"66,154,000"
28-Mar-22,164.98,169.04,164.9,168.99,168.99,"59,854,000"
25-Mar-22,164,165.37,162.25,164.77,164.77,"49,032,000"
24-Mar-22,163.75,164.12,160.05,163.65,163.65,"56,798,000"
23-Mar-22,163.71,166.37,162.69,163.41,163.41,"55,812,000"
22-Mar-22,161.81,166.17,161.7,164.89,164.89,"64,086,000"
21-Mar-22,161.12,163.08,159.55,161.49,161.49,"66,538,000"
18-Mar-22,156.81,161.59,156.01,161.25,161.25,"102,962,000"
17-Mar-22,152.64,157.5,152.14,157.24,157.24,"72,934,000"
16-Mar-22,148.5,153.15,147.35,153.1,153.1,"84,958,000"
15-Mar-22,142.85,147.99,142,147.37,147.37,"75,584,000"
14-Mar-22,145.98,147.45,140.88,141.85,141.85,"74,086,000"
11-Mar-22,149.57,149.68,145.37,145.52,145.52,"68,900,000"
10-Mar-22,145.68,148.67,143.98,146.82,146.82,"135,062,000"
09-Mar-22,139.5,140.25,136.83,139.28,139.28,"82,656,000"
08-Mar-22,136.68,140.7,133.57,136.01,136.01,"91,662,000"
07-Mar-22,145.44,146.09,137.42,137.45,137.45,"86,934,000"
04-Mar-22,147.16,147.85,143.81,145.64,145.64,"60,934,000"
03-Mar-22,153.53,153.93,146.86,147.9,147.9,"65,198,000"
02-Mar-22,150.85,153,148.75,152.05,152.05,"47,334,000"
01-Mar-22,152.73,154.1,149.98,151.14,151.14,"44,874,000"
28-Feb-22,152.43,154.45,150.85,153.56,153.56,"57,684,000"
25-Feb-22,150.55,153.99,149.21,153.79,153.79,"62,396,000"
24-Feb-22,139.84,151.75,139.5,151.36,151.36,"100,786,000"
23-Feb-22,151.65,151.76,144.65,144.83,144.83,"64,244,000"
22-Feb-22,150.48,152.98,148.49,150.2,150.2,"66,128,000"
18-Feb-22,155.5,155.5,150.89,152.6,152.6,"63,604,000"
17-Feb-22,158.15,160.35,154.5,154.65,154.65,"64,032,000"
16-Feb-22,155.79,158.83,154.73,158.1,158.1,"52,704,000"
15-Feb-22,157.61,158.01,154.64,156.51,156.51,"56,440,000"
14-Feb-22,151.75,158.45,151.65,155.17,155.17,"83,230,000"
11-Feb-22,158.13,159,152.73,153.29,153.29,"77,100,000"
10-Feb-22,158.35,160.72,157.75,159,159,"68,268,000"
09-Feb-22,162.87,163.83,160.25,161.19,161.19,"68,786,000"
08-Feb-22,156.75,161.79,155.55,161.41,161.41,"76,040,000"
07-Feb-22,158.52,162.69,157.25,157.94,157.94,"102,624,000"
04-Feb-22,155.61,161.2,150.61,157.64,157.64,"253,456,000"
03-Feb-22,141.74,144.25,138.33,138.85,138.85,"225,532,000"
02-Feb-22,155.05,155.07,148.86,150.61,150.61,"87,330,000"
01-Feb-22,150,151.71,147.63,151.19,151.19,"59,220,000"
31-Jan-22,144.75,150.36,144.3,149.57,149.57,"78,308,000"
28-Jan-22,140.86,144,137.93,143.98,143.98,"74,392,000"
27-Jan-22,140.8,144.24,139.35,139.64,139.64,"77,516,000"
26-Jan-22,144.75,145.18,137.32,138.87,138.87,"95,602,000"
25-Jan-22,142.24,143.6,138.15,139.99,139.99,"90,824,000"
24-Jan-22,139,144.95,135.35,144.54,144.54,"155,624,000"
21-Jan-22,149.95,150.9,142.07,142.64,142.64,"163,972,000"
20-Jan-22,156.77,158,151.35,151.67,151.67,"71,974,000"
19-Jan-22,158.76,159.25,156.25,156.3,156.3,"53,242,000"
18-Jan-22,159.1,159.73,157.66,158.92,158.92,"67,292,000"
14-Jan-22,160.15,162.25,159.8,162.14,162.14,"45,974,000"
13-Jan-22,165.25,166.22,161.09,161.21,161.21,"52,188,000"
12-Jan-22,166.57,166.88,164.42,165.21,165.21,"50,030,000"
11-Jan-22,161.5,166.35,160.7,165.36,165.36,"62,806,000"
10-Jan-22,160.59,161.66,156.3,161.49,161.49,"87,798,000"
07-Jan-22,163.84,165.24,162.03,162.55,162.55,"46,606,000"
06-Jan-22,163.45,164.8,161.94,163.25,163.25,"51,958,000"
05-Jan-22,166.88,167.13,164.36,164.36,164.36,"64,302,000"
04-Jan-22,170.44,171.4,166.35,167.52,167.52,"70,726,000"
03-Jan-22,167.55,170.7,166.16,170.4,170.4,"63,520,000"
31-Dec-21,168.96,169.35,166.56,166.72,166.72,"47,830,000"
30-Dec-21,169.7,170.89,168.52,168.64,168.64,"37,584,000"
29-Dec-21,170.84,171.21,168.6,169.2,169.2,"35,754,000"
28-Dec-21,170.18,172.18,169.14,170.66,170.66,"54,638,000"
27-Dec-21,171.04,172.94,169.22,169.67,169.67,"58,688,000"
23-Dec-21,170.43,171.98,170.15,171.07,171.07,"36,788,000"
22-Dec-21,169.27,172.05,168.5,171.04,171.04,"55,036,000"
21-Dec-21,167.85,170.72,165.65,170.42,170.42,"55,956,000"
20-Dec-21,166.85,167.87,165.6,167.08,167.08,"57,372,000"
17-Dec-21,167.71,170.9,165.61,170.02,170.02,"85,542,000"
16-Dec-21,173.37,174.17,168.16,168.87,168.87,"60,876,000"
15-Dec-21,168.6,173.6,165.2,173.32,173.32,"75,794,000"
14-Dec-21,167.55,169.5,166.44,169.09,169.09,"55,976,000"
13-Dec-21,172,172.1,169.13,169.57,169.57,"62,170,000"
10-Dec-21,175.42,175.93,170.5,172.21,172.21,"60,690,000"
09-Dec-21,175.75,176.97,174.14,174.17,174.17,"46,062,000"
08-Dec-21,176.15,177.18,174.75,176.16,176.16,"45,254,000"
07-Dec-21,174.6,177.5,173.33,176.16,176.16,"66,410,000"
06-Dec-21,169.65,173.7,166.93,171.37,171.37,"68,860,000"
03-Dec-21,172.75,173.49,166.93,169.49,169.49,"80,712,000"
02-Dec-21,173,174.63,171.19,171.87,171.87,"64,726,000"
01-Dec-21,177.25,177.99,172.08,172.19,172.19,"74,916,000"
30-Nov-21,178.18,179.29,174.6,175.35,175.35,"80,022,000"
29-Nov-21,177.38,179.8,176.57,178.08,178.08,"65,312,000"
26-Nov-21,180.1,181.68,175.21,175.23,175.23,"59,826,000"
24-Nov-21,178.13,180.68,176.84,179.02,179.02,"46,560,000"
23-Nov-21,179.25,181.05,176.39,179,179,"73,804,000"
22-Nov-21,183.82,185.67,178.38,178.63,178.63,"96,844,000"
19-Nov-21,185.63,188.11,183.79,183.83,183.83,"98,734,000"
18-Nov-21,178.32,185.21,178.05,184.8,184.8,"114,070,000"
17-Nov-21,178.24,179.36,177.27,177.45,177.45,"51,206,000"
16-Nov-21,176.95,178.82,176.26,177.04,177.04,"44,342,000"
15-Nov-21,176.85,179.69,176.29,177.28,177.28,"58,594,000"
12-Nov-21,174.25,177.04,172.35,176.26,176.26,"53,788,000"
11-Nov-21,175.65,177.16,173.37,173.63,173.63,"45,288,000"
10-Nov-21,178.19,180.27,173.15,174.1,174.1,"80,548,000"
09-Nov-21,175.76,179.69,175.07,178.81,178.81,"85,898,000"
08-Nov-21,176.16,178.95,174.39,174.45,174.45,"61,480,000"
05-Nov-21,173.85,178.31,173.85,175.95,175.95,"99,940,000"
04-Nov-21,168.5,174.93,168.25,173.85,173.85,"107,060,000"
03-Nov-21,165.45,169.75,164.88,169.2,169.2,"67,944,000"
02-Nov-21,165.75,166.56,164.18,165.64,165.64,"52,552,000"
01-Nov-21,168.09,168.79,164.6,165.91,165.91,"72,178,000"
29-Oct-21,165,168.74,163.67,168.62,168.62,"129,722,000"
28-Oct-21,170.1,173.95,169.3,172.33,172.33,"114,174,000"
27-Oct-21,169.4,171.85,168.57,169.62,169.62,"54,044,000"
26-Oct-21,167.48,170.81,167.2,168.8,168.8,"53,966,000"
25-Oct-21,166.75,167.39,164.88,166.02,166.02,"44,520,000"
22-Oct-21,171.05,171.49,166.57,166.78,166.78,"62,782,000"
21-Oct-21,170.71,172.01,170.15,171.75,171.75,"37,628,000"
20-Oct-21,172.63,173.14,170.02,170.75,170.75,"42,796,000"
19-Oct-21,171.71,172.73,171.1,172.21,172.21,"47,722,000"
18-Oct-21,169.42,172.46,169.26,172.34,172.34,"63,482,000"
15-Oct-21,165.57,170.52,165.2,170.45,170.45,"103,598,000"
14-Oct-21,165.12,165.63,164.54,164.99,164.99,"42,190,000"
13-Oct-21,163.49,164.42,163.05,164.21,164.21,"48,402,000"
12-Oct-21,162.85,163.38,161.81,162.37,162.37,"36,392,000"
11-Oct-21,163.75,164.63,161.9,162.32,162.32,"40,684,000"
08-Oct-21,165.85,166.07,164.41,164.43,164.43,"39,964,000"
07-Oct-21,164.58,166.29,164.15,165.12,165.12,"48,182,000"
06-Oct-21,160.68,163.22,159.93,163.1,163.1,"50,660,000"
05-Oct-21,160.23,163.04,160.12,161.05,161.05,"65,384,000"
04-Oct-21,163.97,164,158.81,159.49,159.49,"90,462,000"
01-Oct-21,164.45,165.46,162.8,164.16,164.16,"56,712,000"
30-Sep-21,165.8,166.39,163.7,164.25,164.25,"56,848,000"
29-Sep-21,166.11,167.57,164.89,165.06,165.06,"51,246,000"
28-Sep-21,167.89,168.46,164.51,165.8,165.8,"88,616,000"
27-Sep-21,168.57,170.78,166.98,170.29,170.29,"72,690,000"
24-Sep-21,170.1,171.46,169.67,171.28,171.28,"42,324,000"
23-Sep-21,169,171.45,169,170.8,170.8,"47,588,000"
22-Sep-21,167.55,169.45,167.05,169,169,"48,228,000"
21-Sep-21,168.75,168.99,166.62,167.18,167.18,"55,618,000"
20-Sep-21,169.8,170.95,165.25,167.79,167.79,"93,382,000"
17-Sep-21,174.42,174.87,172.61,173.13,173.13,"92,332,000"
16-Sep-21,173,174.63,172.31,174.41,174.41,"51,672,000"
15-Sep-21,172.13,174.27,170.1,173.79,173.79,"59,150,000"
14-Sep-21,173.78,174.34,171.89,172.5,172.5,"38,738,000"
13-Sep-21,174.14,174.9,171.9,172.86,172.86,"51,380,000"
10-Sep-21,175.09,175.42,173.15,173.46,173.46,"47,946,000"
09-Sep-21,176.3,177.5,174.02,174.21,174.21,"54,384,000"
08-Sep-21,175.58,177.28,174.78,176.27,176.27,"61,068,000"
07-Sep-21,173.9,176.4,173.85,175.46,175.46,"54,758,000"
03-Sep-21,172.6,174.13,171.82,173.9,173.9,"51,514,000"
02-Sep-21,174.74,175.6,172.75,173.16,173.16,"58,474,000"
01-Sep-21,174.82,176.35,173.76,173.95,173.95,"72,598,000"
31-Aug-21,171.24,173.63,169.78,173.54,173.54,"87,128,000"
30-Aug-21,167.87,172.25,167.76,171.08,171.08,"63,844,000"
27-Aug-21,166.66,167.62,165.69,167.48,167.48,"48,048,000"
26-Aug-21,164.95,166.6,164.8,165.8,165.8,"41,976,000"
25-Aug-21,165.49,166.05,164.31,164.96,164.96,"33,606,000"
24-Aug-21,164,165.77,163.73,165.29,165.29,"51,036,000"
23-Aug-21,160.6,164.04,160.5,163.29,163.29,"65,362,000"
20-Aug-21,160.19,160.39,158.79,160,160,"67,168,000"
19-Aug-21,159.7,161.65,159.12,159.39,159.39,"75,658,000"
18-Aug-21,162.1,162.71,160,160.06,160.06,"56,086,000"
17-Aug-21,163.88,164.02,161.28,162.1,162.1,"67,758,000"
16-Aug-21,164.15,165,160.56,164.95,164.95,"66,394,000"
13-Aug-21,165.28,165.3,164.15,164.7,164.7,"41,134,000"
12-Aug-21,164.5,165.73,163.48,165.18,165.18,"46,282,000"
11-Aug-21,166.57,166.88,163.89,164.61,164.61,"58,944,000"
10-Aug-21,167.25,167.9,165.75,166.03,166.03,"48,252,000"
09-Aug-21,167.18,167.74,166.43,167.09,167.09,"42,964,000"
06-Aug-21,168.75,168.75,166.45,167.25,167.25,"52,752,000"
05-Aug-21,167.81,169.45,167.05,168.8,168.8,"48,670,000"
04-Aug-21,168.97,169.44,167.28,167.74,167.74,"43,678,000"
03-Aug-21,167.04,169.55,164.99,168.31,168.31,"83,146,000"
02-Aug-21,167.65,167.95,165.85,166.57,166.57,"67,078,000"
30-Jul-21,167.4,168.41,165.35,166.38,166.38,"199,312,000"
29-Jul-21,181.39,181.9,179,180,180,"110,400,000"
28-Jul-21,181.69,182.92,180.05,181.52,181.52,"59,988,000"
27-Jul-21,184.93,184.93,179.31,181.32,181.32,"82,638,000"
26-Jul-21,183.66,185.6,182.36,184.99,184.99,"58,002,000"
23-Jul-21,182,183.31,181.1,182.83,182.83,"48,726,000"
22-Jul-21,179.36,182,179.11,181.9,181.9,"65,308,000"
21-Jul-21,178.82,179.32,177.18,179.26,179.26,"46,380,000"
20-Jul-21,178.37,179.6,175.9,178.66,178.66,"65,114,000"
19-Jul-21,176.63,177.51,174.96,177.48,177.48,"75,692,000"
16-Jul-21,181.67,182.3,178.52,178.68,178.68,"80,874,000"
15-Jul-21,184.71,184.77,181.05,181.56,181.56,"63,706,000"
14-Jul-21,185.44,185.88,183.04,184.08,184.08,"65,932,000"
13-Jul-21,185.1,188.65,183.57,183.87,183.87,"76,918,000"
12-Jul-21,187.2,187.86,184.84,185.93,185.93,"51,432,000"
09-Jul-21,186.13,187.4,184.67,185.97,185.97,"74,964,000"
08-Jul-21,182.18,188,181.06,186.57,186.57,"103,612,000"
07-Jul-21,185.87,186.71,183.95,184.83,184.83,"106,562,000"
06-Jul-21,176.51,184.27,176.45,183.79,183.79,"134,896,000"
02-Jul-21,172.58,175.59,171.85,175.55,175.55,"63,388,000"
01-Jul-21,171.73,172.85,170.47,171.65,171.65,"40,742,000"
30-Jun-21,172.05,173.58,171.75,172.01,172.01,"48,080,000"
29-Jun-21,171.94,172.8,171.15,172.41,172.41,"41,968,000"
28-Jun-21,170.8,172.4,170.68,172.19,172.19,"44,856,000"
25-Jun-21,173.2,173.24,169.71,170.07,170.07,"78,820,000"
24-Jun-21,175.38,176.24,171.54,172.45,172.45,"76,640,000"
23-Jun-21,175.25,176.05,174.16,175.19,175.19,"56,266,000"
22-Jun-21,172.9,176.19,172.8,175.27,175.27,"66,902,000"
21-Jun-21,173.82,174.1,171.7,172.7,172.7,"65,542,000"
18-Jun-21,174,175.35,173.69,174.35,174.35,"104,954,000"
17-Jun-21,170.16,174.86,170.05,174.46,174.46,"102,730,000"
16-Jun-21,169.6,171.32,168.03,170.76,170.76,"84,056,000"
15-Jun-21,169.2,169.85,168.16,169.16,169.16,"48,524,000"
14-Jun-21,167.34,169.25,166.77,169.19,169.19,"51,394,000"
11-Jun-21,167.48,168.33,166.67,167.34,167.34,"56,348,000"
10-Jun-21,164.1,167.55,164.06,167.48,167.48,"69,530,000"
09-Jun-21,163.64,164.88,163.54,164.06,164.06,"49,110,000"
08-Jun-21,161.13,163.98,160.9,163.21,163.21,"68,334,000"
07-Jun-21,159.87,160.4,158.61,159.9,159.9,"44,316,000"
04-Jun-21,160.6,161.05,159.94,160.31,160.31,"44,994,000"
03-Jun-21,160.21,160.72,159.2,159.35,159.35,"47,966,000"
02-Jun-21,161.15,161.75,160.4,161.7,161.7,"40,290,000"
01-Jun-21,162.18,162.55,160.45,160.93,160.93,"48,600,000"
28-May-21,162.1,162.4,160.99,161.15,161.15,"46,596,000"
27-May-21,162.8,163.02,161.5,161.51,161.51,"51,224,000"
26-May-21,163.73,164.79,162.93,163.26,163.26,"47,680,000"
25-May-21,163.33,163.99,160.69,162.95,162.95,"65,222,000"
24-May-21,160.77,162.9,160.52,162.25,162.25,"48,456,000"
21-May-21,162.5,162.83,159.85,160.15,160.15,"82,098,000"
20-May-21,162.22,162.98,161.81,162.38,162.38,"52,664,000"
19-May-21,159.75,161.74,159.2,161.59,161.59,"53,594,000"
18-May-21,164.63,165.6,161.52,161.61,161.61,"56,568,000"
17-May-21,162.3,164.64,161.73,163.52,163.52,"74,478,000"
14-May-21,159.28,161.44,159.15,161.15,161.15,"66,500,000"
13-May-21,159.27,160.19,156.65,158.07,158.07,"67,018,000"
12-May-21,159.25,160.4,156.65,157.6,157.6,"98,728,000"
11-May-21,156.81,161.9,156.37,161.2,161.2,"92,396,000"
10-May-21,164.12,164.15,159.5,159.52,159.52,"116,772,000"
07-May-21,165.95,166.54,164.45,164.58,164.58,"94,206,000"
06-May-21,163.5,165.72,162.36,165.32,165.32,"88,954,000"
05-May-21,166.94,167.74,163.22,163.53,163.53,"74,226,000"
04-May-21,167.81,168.4,163.61,165.59,165.59,"108,788,000"
03-May-21,174.24,174.33,168.63,169.32,169.32,"117,510,000"
30-Apr-21,176.26,177.7,173.13,173.37,173.37,"140,186,000"
29-Apr-21,175.26,175.72,171.75,173.57,173.57,"153,648,000"
28-Apr-21,171.74,174.49,171.25,172.93,172.93,"92,638,000"
27-Apr-21,172.17,173,169.9,170.87,170.87,"76,542,000"
26-Apr-21,167.4,171.42,166.55,170.45,170.45,"97,614,000"
23-Apr-21,165.96,168.75,165.43,167.04,167.04,"63,856,000"
22-Apr-21,168.58,168.64,165.07,165.45,165.45,"51,612,000"
21-Apr-21,165.8,168.14,165.19,168.1,168.1,"44,224,000"
20-Apr-21,168.68,169.15,165.8,166.73,166.73,"52,460,000"
19-Apr-21,169.52,171.8,168.01,168.6,168.6,"54,508,000"
16-Apr-21,169,170.34,167.78,169.97,169.97,"63,720,000"
15-Apr-21,168.55,169.85,167.6,168.95,168.95,"64,672,000"
14-Apr-21,170.2,170.21,166.3,166.65,166.65,"62,904,000"
13-Apr-21,170.04,171.6,169.78,170,170,"66,316,000"
12-Apr-21,167.76,169.75,167.56,168.97,168.97,"65,636,000"
09-Apr-21,165.24,168.61,164.45,168.61,168.61,"86,830,000"
08-Apr-21,165.54,166.23,164.6,164.96,164.96,"56,242,000"
07-Apr-21,161.69,165.18,161.18,163.97,163.97,"66,924,000"
06-Apr-21,161.19,162.37,160.85,161.19,161.19,"50,756,000"
05-Apr-21,158.65,161.8,158.06,161.34,161.34,"66,698,000"
01-Apr-21,155.9,158.12,155.78,158.05,158.05,"58,806,000"
31-Mar-21,153.2,155.97,153.13,154.7,154.7,"61,878,000"
30-Mar-21,153.5,153.65,151.7,152.76,152.76,"46,752,000"
29-Mar-21,152.77,154.56,151.42,153.79,153.79,"54,920,000"
26-Mar-21,152.2,152.83,149.8,152.6,152.6,"66,258,000"
25-Mar-21,153.65,155.49,151.86,152.31,152.31,"71,270,000"
24-Mar-21,157.55,158.02,154.26,154.35,154.35,"59,180,000"
23-Mar-21,156.35,159.1,156.04,156.88,156.88,"76,346,000"
22-Mar-21,153.39,156.33,153,155.54,155.54,"58,044,000"
19-Mar-21,151.46,153.86,150.83,153.75,153.75,"92,508,000"
18-Mar-21,155.05,155.83,151.25,151.4,151.4,"72,992,000"
17-Mar-21,153.66,158.65,153.51,156.79,156.79,"62,372,000"
16-Mar-21,155.25,156.45,153.79,154.59,154.59,"50,776,000"
15-Mar-21,153.73,154.11,151.6,154.08,154.08,"58,272,000"
12-Mar-21,153.75,154.95,152.27,154.47,154.47,"48,438,000"
11-Mar-21,155.2,156.59,154.15,155.68,155.68,"55,528,000"
10-Mar-21,154.92,155.82,151.5,152.88,152.88,"60,250,000"
09-Mar-21,150.9,154.55,150.26,153.14,153.14,"80,600,000"
08-Mar-21,150.75,153.23,147.57,147.6,147.6,"83,700,000"
05-Mar-21,150.25,150.45,144.05,150.02,150.02,"107,772,000"
04-Mar-21,150.6,152.91,147.27,148.88,148.88,"109,632,000"
03-Mar-21,154.06,155.39,149.75,150.25,150.25,"79,774,000"
02-Mar-21,157.17,158.18,154.36,154.73,154.73,"51,916,000"
01-Mar-21,156.39,157.48,154.9,157.31,157.31,"54,582,000"
26-Feb-21,154.76,156.12,151.84,154.65,154.65,"85,518,000"
25-Feb-21,156.84,158.91,152.39,152.86,152.86,"90,676,000"
24-Feb-21,158.34,158.56,156.27,157.98,157.98,"60,226,000"
23-Feb-21,156.35,160.24,154.68,159.73,159.73,"93,544,000"
22-Feb-21,160.41,161.62,158.61,159.04,159.04,"70,314,000"
19-Feb-21,166.41,166.68,162.29,162.49,162.49,"86,104,000"
18-Feb-21,164.12,166.9,163.7,166.41,166.41,"60,548,000"
17-Feb-21,163.18,166.05,162.98,165.43,165.43,"65,950,000"
16-Feb-21,162.7,165.41,162.68,163.45,163.45,"51,494,000"
12-Feb-21,162.5,164.01,161.67,163.89,163.89,"46,706,000"
11-Feb-21,164.6,164.6,162.4,163.11,163.11,"46,028,000"
10-Feb-21,165.7,165.9,162.7,164.33,164.33,"63,032,000"
09-Feb-21,165.62,166.9,164.89,165.25,165.25,"44,070,000"
08-Feb-21,167.93,168.25,165.2,166.15,166.15,"65,148,000"
05-Feb-21,165.95,168.85,165.14,167.61,167.61,"72,416,000"
04-Feb-21,166.5,167.35,163.89,166.55,166.55,"73,414,000"
03-Feb-21,171.25,171.7,165.43,165.63,165.63,"141,776,000"
02-Feb-21,169,171.39,168.06,169,169,"141,972,000"
01-Feb-21,162.12,167.51,161.75,167.14,167.14,"83,204,000"
29-Jan-21,161.5,161.85,159.23,160.31,160.31,"85,872,000"
28-Jan-21,161.75,165.08,161.43,161.88,161.88,"62,984,000"
27-Jan-21,167.07,167.33,160.35,161.63,161.63,"93,204,000"
26-Jan-21,164.82,166.9,164.14,166.31,166.31,"59,104,000"
25-Jan-21,166.43,168.19,162.16,164.7,164.7,"74,996,000"
22-Jan-21,165.22,166.1,164.16,164.61,164.61,"56,438,000"
21-Jan-21,164.65,167.43,164.48,165.35,165.35,"98,722,000"
20-Jan-21,159.1,163.99,158.75,163.17,163.17,"106,196,000"
19-Jan-21,155.35,157.25,154.8,156.04,156.04,"66,102,000"
15-Jan-21,156.15,157.13,154.76,155.21,155.21,"84,880,000"
14-Jan-21,158.38,158.9,156.03,156.37,156.37,"61,418,000"
13-Jan-21,156.42,159.5,156.1,158.29,158.29,"66,424,000"
12-Jan-21,156,157.11,154.3,156.04,156.04,"70,292,000"
11-Jan-21,157.4,157.82,155.5,155.71,155.71,"73,668,000"
08-Jan-21,159,159.53,157.11,159.13,159.13,"70,754,000"
07-Jan-21,157.85,160.43,157.75,158.11,158.11,"70,290,000"
06-Jan-21,157.32,159.88,156.56,156.92,156.92,"87,896,000"
05-Jan-21,158.3,161.17,158.25,160.93,160.93,"53,110,000"
04-Jan-21,163.5,163.6,157.2,159.33,159.33,"88,228,000"
31-Dec-20,163.75,164.15,162.06,162.85,162.85,"59,144,000"
30-Dec-20,167.05,167.1,164.12,164.29,164.29,"64,186,000"
29-Dec-20,165.5,167.53,164.06,166.1,166.1,"97,458,000"
28-Dec-20,159.7,165.2,158.63,164.2,164.2,"113,736,000"
24-Dec-20,159.7,160.1,158.45,158.63,158.63,"29,038,000"
23-Dec-20,160.25,160.51,159.21,159.26,159.26,"41,876,000"
22-Dec-20,160.14,161.1,159,160.33,160.33,"47,388,000"
21-Dec-20,160,161.35,158.3,160.31,160.31,"76,736,000"
18-Dec-20,162.2,162.47,158.58,160.08,160.08,"119,914,000"
17-Dec-20,162.5,163.18,161.05,161.8,161.8,"69,486,000"
16-Dec-20,158.8,162.35,158.18,162.05,162.05,"88,552,000"
15-Dec-20,159.05,159.43,156.52,158.26,158.26,"66,390,000"
14-Dec-20,157.15,159.52,156.3,157.85,157.85,"83,116,000"
11-Dec-20,154.83,155.93,153.64,155.82,155.82,"61,294,000"
10-Dec-20,154.45,157.1,153.8,155.07,155.07,"60,604,000"
09-Dec-20,158.39,158.72,154.4,155.21,155.21,"82,016,000"
08-Dec-20,157.95,159.21,156,158.86,158.86,"65,726,000"
07-Dec-20,157.82,159.04,157.08,157.9,157.9,"55,026,000"
04-Dec-20,159.91,159.91,157.94,158.13,158.13,"58,272,000"
03-Dec-20,160.27,161.43,159.07,159.34,159.34,"57,840,000"
02-Dec-20,161.08,161.6,158.66,160.18,160.18,"62,586,000"
01-Dec-20,159.43,162.45,157.86,161,161,"90,740,000"
30-Nov-20,160.42,161.42,156.28,158.4,158.4,"81,278,000"
27-Nov-20,160.56,160.81,159.5,159.77,159.77,"47,858,000"
25-Nov-20,157.09,159.9,157.01,159.25,159.25,"75,808,000"
24-Nov-20,155.02,156.71,154.31,155.9,155.9,"72,042,000"
23-Nov-20,155.84,156.99,153.27,154.92,154.92,"94,178,000"
20-Nov-20,155.85,156.64,154.9,154.97,154.97,"67,488,000"
19-Nov-20,155.27,156.25,154.05,155.85,155.85,"60,206,000"
18-Nov-20,156.7,157,155.26,155.27,155.27,"58,336,000"
17-Nov-20,159.18,159.46,156.76,156.78,156.78,"68,894,000"
16-Nov-20,154.66,157.13,153.63,156.55,156.55,"76,174,000"
13-Nov-20,156.1,157.09,154.27,156.44,156.44,"75,124,000"
12-Nov-20,158,158.79,154.3,155.51,155.51,"87,240,000"
11-Nov-20,153.09,156.96,152.5,156.87,156.87,"87,338,000"
10-Nov-20,154.75,155.7,150.97,151.75,151.75,"131,820,000"
09-Nov-20,161.55,164.45,155.61,157.19,157.19,"143,808,000"
06-Nov-20,165.23,166.1,161.6,165.57,165.57,"92,946,000"
05-Nov-20,166,168.34,164.44,166.1,166.1,"115,786,000"
04-Nov-20,158,162.24,156.99,162.06,162.06,"136,780,000"
03-Nov-20,150.93,153.74,149.05,152.42,152.42,"97,958,000"
02-Nov-20,153.09,153.99,147.51,150.22,150.22,"145,148,000"
30-Oct-20,157.89,158.35,150.95,151.81,151.81,"167,728,000"
29-Oct-20,160.06,162.86,158.2,160.55,160.55,"131,930,000"
28-Oct-20,162.46,163.2,158.12,158.14,158.14,"111,766,000"
27-Oct-20,161.25,164.58,160.57,164.32,164.32,"85,820,000"
26-Oct-20,159.94,164.15,157.66,160.35,160.35,"118,024,000"
23-Oct-20,159.55,160.27,157,160.22,160.22,"69,334,000"
22-Oct-20,159.49,159.94,156.1,158.82,158.82,"84,240,000"
21-Oct-20,160.63,161.69,158,159.25,159.25,"91,854,000"
20-Oct-20,161.11,163.3,159.6,160.85,160.85,"90,194,000"
19-Oct-20,164.98,166.45,159.64,160.36,160.36,"104,472,000"
16-Oct-20,168.16,169.98,158,163.64,163.64,"129,488,000"
15-Oct-20,164.6,167.79,164,166.93,166.93,"104,468,000"
14-Oct-20,172.35,173.24,167,168.19,168.19,"116,254,000"
13-Oct-20,173.4,174.62,171.21,172.18,172.18,"114,894,000"
12-Oct-20,167.5,174.81,166.98,172.15,172.15,"167,284,000"
09-Oct-20,160.5,164.45,159.89,164.33,164.33,"98,158,000"
08-Oct-20,161.25,161.66,158.75,159.53,159.53,"63,482,000"
07-Oct-20,156.75,160,156.62,159.78,159.78,"86,188,000"
06-Oct-20,158.25,159.1,154.5,155,155,"101,738,000"
05-Oct-20,157.29,160.13,157.04,159.96,159.96,"75,506,000"
02-Oct-20,157.68,159.79,156.15,156.25,156.25,"112,262,000"
01-Oct-20,160.4,161.2,158.6,161.06,161.06,"99,438,000"
30-Sep-20,157.06,160.64,156.7,157.44,157.44,"97,922,000"
29-Sep-20,158.77,159.41,156.63,157.24,157.24,"69,916,000"
28-Sep-20,157.44,158.75,155.86,158.7,158.7,"84,484,000"
25-Sep-20,152.74,155.08,149.95,154.76,154.76,"92,304,000"
24-Sep-20,148.89,153.46,148.25,150.99,150.99,"110,588,000"
23-Sep-20,156.02,156.35,149.62,149.99,149.99,"113,054,000"
22-Sep-20,151.69,156.7,150.01,156.45,156.45,"138,976,000"
21-Sep-20,145.32,148.1,143.55,148.02,148.02,"122,358,000"
18-Sep-20,151.59,151.89,145.28,147.75,147.75,"177,852,000"
17-Sep-20,150.46,151.47,148.63,150.44,150.44,"128,982,000"
16-Sep-20,159,159.36,153.71,153.9,153.9,"90,244,000"
15-Sep-20,156.81,158.75,155.45,157.81,157.81,"80,430,000"
14-Sep-20,158.65,159.37,154.8,155.15,155.15,"90,592,000"
11-Sep-20,160.43,160.87,154.2,155.81,155.81,"101,880,000"
10-Sep-20,165.36,167.49,158.53,158.76,158.76,"106,614,000"
09-Sep-20,160.15,165.16,159.25,163.43,163.43,"103,774,000"
08-Sep-20,157.2,162.54,156.5,157.49,157.49,"121,884,000"
04-Sep-20,165.9,169.07,155.56,164.73,164.73,"175,636,000"
03-Sep-20,174.25,174.42,165.15,168.4,168.4,"163,222,000"
02-Sep-20,177.35,177.61,174.33,176.57,176.57,"78,630,000"
01-Sep-20,174.48,175.69,173.35,174.96,174.96,"68,644,000"
31-Aug-20,170.45,174.75,170.25,172.55,172.55,"83,718,000"
28-Aug-20,171.15,171.67,169.32,170.09,170.09,"57,940,000"
27-Aug-20,172.5,172.65,168.9,170,170,"85,296,000"
26-Aug-20,167.56,172.59,167.23,172.09,172.09,"130,174,000"
25-Aug-20,164.75,167.87,163.35,167.32,167.32,"79,856,000"
24-Aug-20,165.51,169.02,162.88,165.37,165.37,"93,326,000"
21-Aug-20,164.75,165.72,163.77,164.24,164.24,"71,518,000"
20-Aug-20,162.6,165.63,161.9,164.87,164.87,"66,650,000"
19-Aug-20,165.15,165.79,162.8,163.02,163.02,"83,702,000"
18-Aug-20,160.6,166,160.29,165.62,165.62,"106,920,000"
17-Aug-20,158.66,159.75,157.71,159.12,159.12,"53,824,000"
14-Aug-20,158.91,158.91,156,157.4,157.4,"55,034,000"
13-Aug-20,159.15,160.88,157.75,158.05,158.05,"62,980,000"
12-Aug-20,155.4,158.72,155.07,158.11,158.11,"70,442,000"
11-Aug-20,155.66,157.96,153.65,154.03,154.03,"74,362,000"
10-Aug-20,158.52,158.63,155.08,157.41,157.41,"63,346,000"
07-Aug-20,161.2,162.04,157.03,158.37,158.37,"78,722,000"
06-Aug-20,159.72,162.37,158.27,161.25,161.25,"78,812,000"
05-Aug-20,157.19,160.68,156.37,160.25,160.25,"78,330,000"
04-Aug-20,155.06,158.36,155.06,156.94,156.94,"93,886,000"
03-Aug-20,159.03,159.2,155.2,155.59,155.59,"101,494,000"
31-Jul-20,162.2,162.34,157.55,158.23,158.23,"161,710,000"
30-Jul-20,150.7,154.6,150.25,152.59,152.59,"122,566,000"
29-Jul-20,151.55,151.96,149.84,151.68,151.68,"59,482,000"
28-Jul-20,152.71,153.85,149.79,150.02,150.02,"62,534,000"
27-Jul-20,153.1,154.9,150.79,152.76,152.76,"83,410,000"
24-Jul-20,146.5,151.58,144.4,150.45,150.45,"112,648,000"
23-Jul-20,154.91,154.91,148.5,149.33,149.33,"113,138,000"
22-Jul-20,156.25,157.5,153.26,155,155,"82,084,000"
21-Jul-20,161.62,162.03,155.29,156.91,156.91,"122,426,000"
20-Jul-20,150.01,160.07,149.7,159.84,159.84,"151,964,000"
17-Jul-20,150.45,151.2,147.42,148.1,148.1,"95,226,000"
16-Jul-20,148.55,151.6,145.91,149.99,149.99,"127,884,000"
15-Jul-20,154.01,154.92,148.66,150.44,150.44,"115,778,000"
14-Jul-20,154.45,156.37,147.5,154.2,154.2,"144,638,000"
13-Jul-20,162.55,167.21,153.42,155.2,155.2,"154,408,000"
10-Jul-20,159.59,160.75,156.79,160,160,"109,720,000"
09-Jul-20,155.8,159.69,153.7,159.13,159.13,"127,774,000"
08-Jul-20,151.13,154.2,150.62,154.06,154.06,"100,752,000"
07-Jul-20,152.93,153.48,149.5,150.01,150.01,"105,150,000"
06-Jul-20,146.75,152.99,146.5,152.85,152.85,"137,612,000"
02-Jul-20,145.6,147.78,143.55,144.51,144.51,"131,868,000"
01-Jul-20,137.9,144.75,137.7,143.93,143.93,"127,268,000"
30-Jun-20,134.25,138.48,133.75,137.94,137.94,"75,394,000"
29-Jun-20,134.5,134.84,131.5,134.02,134.02,"84,468,000"
26-Jun-20,138.75,139.13,134.4,134.64,134.64,"130,016,000"
25-Jun-20,136.98,137.81,135.61,137.73,137.73,"59,374,000"
24-Jun-20,139,139.8,136.05,136.72,136.72,"90,532,000"
23-Jun-20,136.3,139.16,135.9,138.22,138.22,"84,634,000"
22-Jun-20,134.23,135.75,133.45,135.69,135.69,"64,176,000"
19-Jun-20,133.9,134.87,132.95,133.75,133.75,"115,540,000"
18-Jun-20,132.35,132.98,131.81,132.7,132.7,"49,756,000"
17-Jun-20,132.38,132.75,131.59,132.05,132.05,"59,186,000"
16-Jun-20,131,131,128.8,130.76,130.76,"71,712,000"
15-Jun-20,126.33,129.2,125.4,128.63,128.63,"77,302,000"
12-Jun-20,130.06,131.07,125.17,127.25,127.25,"108,722,000"
11-Jun-20,130.18,133.57,126.81,127.9,127.9,"116,002,000"
10-Jun-20,132.25,136.12,131.31,132.37,132.37,"98,920,000"
09-Jun-20,126.47,131.32,126.25,130.04,130.04,"103,520,000"
08-Jun-20,125.01,126.5,124.37,126.2,126.2,"79,414,000"
05-Jun-20,122.23,124.43,121.86,124.15,124.15,"66,128,000"
04-Jun-20,123.87,125.38,122.5,123.03,123.03,"58,974,000"
03-Jun-20,123.4,124.4,123.06,123.92,123.92,"53,420,000"
02-Jun-20,123.35,123.68,122.27,123.62,123.62,"50,598,000"
01-Jun-20,122.4,123.85,122.21,123.55,123.55,"58,578,000"
29-May-20,120.8,122.12,119.91,122.12,122.12,"70,198,000"
28-May-20,119.22,121.85,118.91,120.06,120.06,"63,804,000"
27-May-20,120.25,120.68,116.5,120.52,120.52,"101,138,000"
26-May-20,122.9,123.1,120.7,121.09,121.09,"71,364,000"
22-May-20,122.75,123.49,121.51,121.84,121.84,"57,342,000"
21-May-20,125,126.27,122.13,122.34,122.34,"102,288,000"
20-May-20,123.89,125,123.36,124.9,124.9,"79,962,000"
19-May-20,121.49,124.25,121.45,122.47,122.47,"86,410,000"
18-May-20,120.22,121.65,119.2,121.31,121.31,"87,144,000"
15-May-20,118.43,120.55,117.82,120.49,120.49,"84,700,000"
14-May-20,118.05,119.57,117.66,119.44,119.44,"72,962,000"
13-May-20,118.34,120.39,116.89,118.4,118.4,"95,658,000"
12-May-20,120.59,120.95,117.75,117.85,117.85,"61,498,000"
11-May-20,118.74,120.98,118.61,120.45,120.45,"65,184,000"
08-May-20,118.61,119.36,117.85,118.98,118.98,"64,132,000"
07-May-20,118.74,118.8,117.16,118.38,118.38,"67,928,000"
06-May-20,116.47,117.87,116,117.56,117.56,"62,356,000"
05-May-20,117,117.55,115.36,115.89,115.89,"64,850,000"
04-May-20,112.82,116.35,112.82,115.8,115.8,"97,318,000"
01-May-20,116.84,118.12,112.91,114.3,114.3,"195,452,000"
30-Apr-20,120.99,123.75,119.8,123.7,123.7,"190,692,000"
29-Apr-20,116.5,119.59,115.5,118.64,118.64,"91,832,000"
28-Apr-20,118.61,118.68,115.3,115.7,115.7,"105,388,000"
27-Apr-20,122.16,122.24,118.15,118.8,118.8,"112,912,000"
24-Apr-20,120.85,121.02,119.1,120.51,120.51,"76,498,000"
23-Apr-20,120,121.21,119.1,119.97,119.97,"101,332,000"
22-Apr-20,118.45,119.7,117.55,118.17,118.17,"84,244,000"
21-Apr-20,120.83,121.42,113.98,116.41,116.41,"149,534,000"
20-Apr-20,119.5,122.25,119.3,119.68,119.68,"115,414,000"
17-Apr-20,118.62,120,115.8,118.75,118.75,"158,600,000"
16-Apr-20,117.3,123.05,116.75,120.41,120.41,"240,764,000"
15-Apr-20,112.88,116.67,112.25,115.38,115.38,"137,332,000"
14-Apr-20,110.02,114.6,109.31,114.17,114.17,"161,744,000"
13-Apr-20,102,109,101.9,108.44,108.44,"134,334,000"
09-Apr-20,102.21,102.65,100.88,102.14,102.14,"92,930,000"
08-Apr-20,101.05,102.2,100.56,102.15,102.15,"79,546,000"
07-Apr-20,100.86,101.79,99.88,100.58,100.58,"102,280,000"
06-Apr-20,96.8,99.93,96.5,99.88,99.88,"115,464,000"
03-Apr-20,95.56,96.32,94.46,95.33,95.33,"72,198,000"
02-Apr-20,95.08,96.38,94.5,95.94,95.94,"86,720,000"
01-Apr-20,96.65,97.25,94.65,95.39,95.39,"82,438,000"
31-Mar-20,98.22,99.65,97.2,97.49,97.49,"102,472,000"
30-Mar-20,96.14,98.68,95.62,98.2,98.2,"122,522,000"
27-Mar-20,96.54,96.99,95,95,95,"107,758,000"
26-Mar-20,95.1,97.82,94.46,97.77,97.77,"124,426,000"
25-Mar-20,96.03,97.51,94.29,94.29,94.29,"129,582,000"
24-Mar-20,97.57,97.75,95.02,97,97,"142,942,000"
23-Mar-20,91.39,95.97,90.6,95.14,95.14,"156,170,000"
20-Mar-20,96.32,97.85,91.04,92.3,92.3,"196,358,000"
19-Mar-20,93,97.25,91.63,94.05,94.05,"207,998,000"
18-Mar-20,87.5,92.08,87.25,91.5,91.5,"192,904,000"
17-Mar-20,88.77,92.89,84.46,90.39,90.39,"218,342,000"
16-Mar-20,82.08,87.97,81.3,84.46,84.46,"178,346,000"
13-Mar-20,87.75,89.32,84.03,89.25,89.25,"176,194,000"
12-Mar-20,86.1,88.25,83.75,83.83,83.83,"226,924,000"
11-Mar-20,92.89,93.57,90.07,91.04,91.04,"112,496,000"
10-Mar-20,93.54,94.71,90.91,94.59,94.59,"142,666,000"
09-Mar-20,88.69,93.14,88.06,90.03,90.03,"156,264,000"
06-Mar-20,93.75,95.54,93.47,95.05,95.05,"105,472,000"
05-Mar-20,96.65,98.04,95.5,96.2,96.2,"94,964,000"
04-Mar-20,97.33,98.9,96.1,98.79,98.79,"95,458,000"
03-Mar-20,98.77,99.82,94.4,95.45,95.45,"150,690,000"
02-Mar-20,95.32,97.73,93.5,97.7,97.7,"135,234,000"
28-Feb-20,90.73,94.49,90.56,94.19,94.19,"189,620,000"
27-Feb-20,96.72,98.75,94.14,94.21,94.21,"162,880,000"
26-Feb-20,98.51,100.73,98.02,98.98,98.98,"104,492,000"
25-Feb-20,101.32,101.73,97.92,98.64,98.64,"124,382,000"
24-Feb-20,100.16,101.96,99.4,100.46,100.46,"130,940,000"
21-Feb-20,107.11,107.23,104.4,104.8,104.8,"92,926,000"
20-Feb-20,108.65,108.84,106.37,107.65,107.65,"62,626,000"
19-Feb-20,108.39,109.25,108.06,108.51,108.51,"51,224,000"
18-Feb-20,106.25,108.3,106.21,107.78,107.78,"58,912,000"
14-Feb-20,107.78,107.95,106.29,106.74,106.74,"52,124,000"
13-Feb-20,107.25,108.51,107.1,107.49,107.49,"60,636,000"
12-Feb-20,108.16,109.01,107.76,108,108,"66,686,000"
11-Feb-20,107.54,109.3,106.8,107.54,107.54,"114,920,000"
10-Feb-20,104.25,106.78,104.25,106.7,106.7,"101,124,000"
07-Feb-20,102.1,104.93,101.9,103.96,103.96,"101,906,000"
06-Feb-20,102.05,102.82,101.24,102.51,102.51,"63,660,000"
05-Feb-20,103.55,103.55,101.6,101.99,101.99,"87,524,000"
04-Feb-20,101.49,102.99,100.77,102.48,102.48,"105,786,000"
03-Feb-20,100.53,102.43,100.01,100.21,100.21,"117,834,000"
31-Jan-20,102.57,102.79,100.11,100.44,100.44,"311,346,000"
30-Jan-20,92.9,93.64,92.53,93.53,93.53,"126,548,000"
29-Jan-20,93.2,93.74,92.75,92.9,92.9,"41,760,000"
28-Jan-20,92.03,92.91,91.5,92.66,92.66,"56,160,000"
27-Jan-20,91,92.05,90.77,91.42,91.42,"70,570,000"
24-Jan-20,94.57,94.75,92.37,93.08,93.08,"75,324,000"
23-Jan-20,94.26,94.5,93.64,94.23,94.23,"49,692,000"
22-Jan-20,94.8,95.13,94.17,94.37,94.37,"64,326,000"
21-Jan-20,93.25,94.71,93,94.6,94.6,"74,156,000"
17-Jan-20,94.29,94.33,92.86,93.24,93.24,"79,946,000"
16-Jan-20,94.15,94.28,93.3,93.9,93.9,"53,190,000"
15-Jan-20,93.61,93.94,92.75,93.1,93.1,"57,932,000"
14-Jan-20,94.29,94.36,92.93,93.47,93.47,"68,818,000"
13-Jan-20,94.57,94.9,94.04,94.57,94.57,"55,616,000"
10-Jan-20,95.27,95.35,94,94.16,94.16,"57,074,000"
09-Jan-20,95.49,95.89,94.79,95.05,95.05,"63,346,000"
08-Jan-20,94.9,95.55,94.32,94.6,94.6,"70,160,000"
07-Jan-20,95.22,95.69,94.6,95.34,95.34,"80,898,000"
06-Jan-20,93,95.18,93,95.14,95.14,"81,236,000"
03-Jan-20,93.22,94.31,93.22,93.75,93.75,"75,288,000"
02-Jan-20,93.75,94.9,93.21,94.9,94.9,"80,580,000"
31-Dec-19,92.1,92.66,91.61,92.39,92.39,"50,130,000"
30-Dec-19,93.7,94.2,92.03,92.34,92.34,"73,494,000"
27-Dec-19,94.15,95.07,93.3,93.49,93.49,"123,732,000"
26-Dec-19,90.05,93.52,89.97,93.44,93.44,"120,108,000"
24-Dec-19,89.69,89.78,89.38,89.46,89.46,"17,626,000"
23-Dec-19,89.41,89.65,89.23,89.65,89.65,"42,728,000"
20-Dec-19,89.98,90.15,89.12,89.32,89.32,"103,016,000"
19-Dec-19,89.03,89.65,88.7,89.61,89.61,"53,056,000"
18-Dec-19,89.75,89.91,89.12,89.2,89.2,"67,028,000"
17-Dec-19,88.9,89.6,88.87,89.53,89.53,"72,888,000"
16-Dec-19,88.35,88.47,87.85,88.46,88.46,"62,904,000"
13-Dec-19,88.25,88.45,87.75,88.05,88.05,"54,914,000"
12-Dec-19,87.5,88.2,87.27,88.02,88.02,"61,918,000"
11-Dec-19,87.08,87.5,86.79,87.44,87.44,"41,952,000"
10-Dec-19,87.37,87.53,86.75,86.96,86.96,"50,286,000"
09-Dec-19,87.53,88.34,87.28,87.48,87.48,"48,856,000"
06-Dec-19,87.56,87.72,87.01,87.58,87.58,"62,348,000"
05-Dec-19,88.18,88.18,87,87.02,87.02,"56,476,000"
04-Dec-19,88.7,89.45,88.01,88.03,88.03,"53,402,000"
03-Dec-19,88,88.64,87.36,88.5,88.5,"67,618,000"
02-Dec-19,90.22,90.28,88.13,89.08,89.08,"78,512,000"
29-Nov-19,90.89,91.23,90.04,90.04,90.04,"38,468,000"
27-Nov-19,90.05,91.22,89.87,90.93,90.93,"60,512,000"
26-Nov-19,89,89.85,88.92,89.85,89.85,"63,624,000"
25-Nov-19,87.66,88.87,87.66,88.69,88.69,"69,724,000"
22-Nov-19,86.95,87.32,86.55,87.29,87.29,"49,582,000"
21-Nov-19,87.15,87.34,86.52,86.74,86.74,"53,258,000"
